group_id,run_id,cpu_vendor,cpu_cores,cpu_threads,cpu_frequency_khz,cpu_architecture,ram_total_bytes,ram_available_bytes,ram_type,gpu_count,gpu_0_name,gpu_0_vendor,gpu_0_vram_gb,gpu_1_name,gpu_1_vendor,gpu_1_vram_gb,disk_total_gb,disk_free_gb,disk_filesystem,host_os_name,is_docker_used,trainer_type,batch_size,buffer_size,learning_rate,beta,epsilon,lambd,num_epoch,shared_critic,learning_rate_schedule,beta_schedule,epsilon_schedule,checkpoint_interval,keep_checkpoints,even_checkpoints,normalize,hidden_units,num_layers,vis_encode_type,memory,goal_conditioning_type,deterministic,extrinsic_gamma,extrinsic_strength,init_path,threaded,max_steps,time_horizon,summary_freq,self_play,behavioral_cloning,time_start,time_end,total_steps,total_duration
5_0,3DBall_ppo_1768136802,Intel,6,12,2688000,x86,16905977856,2400722944,DDR4,1,NVIDIA GeForce RTX 3050 Ti Laptop GPU,NVIDIA,4,,,,475.284,99.935,NTFS,win32,FALSE,ppo,64,12000,0.0003,0.001,0.2,0.99,3,,linear,,,,5,,TRUE,128,2,simple,,,,0.99,1,,,5000000,1000,12000,,,1768136808,1768136810,,2
5_1,3DBall_ppo_1768137174,Intel,6,12,2688000,x86,16905977856,2826838016,DDR4,1,NVIDIA GeForce RTX 3050 Ti Laptop GPU,NVIDIA,4,,,,475.284,99.725,NTFS,win32,FALSE,ppo,64,12000,0.0003,0.001,0.2,0.99,3,,linear,,,,5,,TRUE,128,2,simple,,,,0.99,1,,,5000000,1000,12000,,,1768137178,1768137488,491763,310
5_2,3DBall_ppo_1768141722,Intel,6,12,2688000,x86,16905977856,4053671936,DDR4,1,NVIDIA GeForce RTX 3050 Ti Laptop GPU,NVIDIA,4,,,,475.284,99.446,NTFS,win32,FALSE,ppo,64,12000,0.0003,0.001,0.2,0.99,3,,linear,,,,5,,TRUE,128,2,simple,,,,0.99,1,,,5000000,1000,12000,,,1768141726,1768142039,491925,313
5_3,3DBall_ppo_1768143881,Intel,6,12,2688000,x86,16905977856,4226818048,DDR4,1,NVIDIA GeForce RTX 3050 Ti Laptop GPU,NVIDIA,4,,,,475.284,99.467,NTFS,win32,FALSE,ppo,64,12000,0.0003,0.001,0.2,0.99,3,,linear,,,,5,,TRUE,128,2,simple,,,,0.99,1,,,5000000,1000,12000,,,1768143885,1768144192,491173,307
5_4,3DBall_ppo_1768144256,Intel,6,12,2688000,x86,16905977856,4399235072,DDR4,1,NVIDIA GeForce RTX 3050 Ti Laptop GPU,NVIDIA,4,,,,475.284,99.457,NTFS,win32,FALSE,ppo,64,12000,0.0003,0.001,0.2,0.99,3,,linear,,,,5,,TRUE,128,2,simple,,,,0.99,1,,,5000000,1000,12000,,,1768144261,1768144573,491278,312
5_5,3DBall_ppo_1768295475,Intel,6,12,2688000,x86,16905977856,6835027968,DDR4,1,NVIDIA GeForce RTX 3050 Ti Laptop GPU,NVIDIA,4,,,,475.284,98.626,NTFS,win32,FALSE,ppo,64,12000,0.0003,0.001,0.2,0.99,3,,linear,,,,5,,TRUE,128,2,simple,,,,0.99,1,,,5000000,1000,12000,,,1768295481,1768295814,491898,333
5_6,3DBall_ppo_1768295978,Intel,6,12,2688000,x86,16905977856,4204843008,DDR4,1,NVIDIA GeForce RTX 3050 Ti Laptop GPU,NVIDIA,4,,,,475.284,98.41,NTFS,win32,FALSE,ppo,64,12000,0.0003,0.001,0.2,0.99,3,,linear,,,,5,,TRUE,128,2,simple,,,,0.99,1,,,5000000,1000,12000,,,1768295982,1768296307,491510,325
5_7,3DBall_ppo_1768298613,Intel,6,12,2688000,x86,16905977856,6080946176,DDR4,1,NVIDIA GeForce RTX 3050 Ti Laptop GPU,NVIDIA,4,,,,475.284,98.3,NTFS,win32,FALSE,ppo,64,12000,0.0003,0.001,0.2,0.99,3,,linear,,,,5,,TRUE,128,2,simple,,,,0.99,1,,,5000000,1000,12000,,,1768298617,1768298935,491193,318
5_8,3DBall_ppo_1768078280,AMD,8,16,3593000,x86,17090338816,1987715072,DDR4,1,NVIDIA GeForce RTX 2070 SUPER,NVIDIA,8,,,,465.132,179.133,NTFS,win32,FALSE,ppo,64,12000,0.0003,0.001,0.2,0.99,3,,linear,,,,5,,TRUE,128,2,simple,,,,0.99,1,,,5000000,1000,12000,,,,,1264838,821
5_9,3DBall_ppo_1768078512,AMD,8,16,3593000,x86,17090338816,1541713920,DDR4,1,NVIDIA GeForce RTX 2070 SUPER,NVIDIA,8,,,,465.132,178.963,NTFS,win32,FALSE,ppo,64,12000,0.0003,0.001,0.2,0.99,3,,linear,,,,5,,TRUE,128,2,simple,,,,0.99,1,,,5000000,1000,12000,,,,,1266879,822
5_10,3DBall_ppo_1768081982,AMD,8,16,3593000,x86,17090338816,2446626816,DDR4,1,NVIDIA GeForce RTX 2070 SUPER,NVIDIA,8,,,,465.132,180.668,NTFS,win32,FALSE,ppo,64,12000,0.0003,0.001,0.2,0.99,3,,linear,,,,5,,TRUE,128,2,simple,,,,0.99,1,,,5000000,1000,12000,,,,,1264355,1046
5_11,3DBall_ppo_1768124269,AMD,8,16,3593000,x86,17090338816,2446627543,DDR4,1,NVIDIA GeForce RTX 2070 SUPER,NVIDIA,8,,,,465.132,180.133,NTFS,win32,FALSE,ppo,64,12000,0.0003,0.001,0.2,0.99,3,,linear,,,,5,,TRUE,128,2,simple,,,,0.99,1,,,5000000,1000,12000,,,,,1266910,942
5_12,3DBall_ppo_1768130273,AMD,8,16,3593000,x86,17090338816,2446626678,DDR4,1,NVIDIA GeForce RTX 2070 SUPER,NVIDIA,8,,,,465.132,178.668,NTFS,win32,FALSE,ppo,64,12000,0.0003,0.001,0.2,0.99,3,,linear,,,,5,,TRUE,128,2,simple,,,,0.99,1,,,5000000,1000,12000,,,,,1268131,700
5_13,3DBall_ppo_1768135433,AMD,8,16,3593000,x86,17090338816,2446626816,DDR4,1,NVIDIA GeForce RTX 2070 SUPER,NVIDIA,8,,,,465.132,179.215,NTFS,win32,FALSE,ppo,64,12000,0.0003,0.001,0.2,0.99,3,,linear,,,,5,,TRUE,128,2,simple,,,,0.99,1,,,5000000,1000,12000,,,,,1265923,720
5_14,3DBall_ppo_1768133308,AMD,8,16,3593000,x86,17090338816,2446629765,DDR4,1,NVIDIA GeForce RTX 2070 SUPER,NVIDIA,8,,,,465.132,178.389,NTFS,win32,FALSE,ppo,64,12000,0.0003,0.001,0.2,0.99,3,,linear,,,,5,,TRUE,128,2,simple,,,,0.99,1,,,5000000,1000,12000,,,,,1264845,702
5_15,3DBall_ppo_1768134151,AMD,8,16,3593000,x86,17090338816,2431267816,DDR4,1,NVIDIA GeForce RTX 2070 SUPER,NVIDIA,8,,,,465.132,180.145,NTFS,win32,FALSE,ppo,64,12000,0.0003,0.001,0.2,0.99,3,,linear,,,,5,,TRUE,128,2,simple,,,,0.99,1,,,5000000,1000,12000,,,,,1267126,676
5_16,3DBall_ppo_1768137037,AMD,8,16,3593000,x86,17090338816,2446634658,DDR4,1,NVIDIA GeForce RTX 2070 SUPER,NVIDIA,8,,,,465.132,178.234,NTFS,win32,FALSE,ppo,64,12000,0.0003,0.001,0.2,0.99,3,,linear,,,,5,,TRUE,128,2,simple,,,,0.99,1,,,5000000,1000,12000,,,,,1265799,805
5_17,3DBall_ppo_1767896848,Intel,16,22,1400000,x86,33752997888,18989527040,LPDDR5,0,,,,,,,951.646,651.577,NTFS,win32,FALSE,ppo,64,12000,0.0003,0.001,0.2,0.99,3,,linear,,,,5,,TRUE,128,2,simple,,,,0.99,1,,,5000000,1000,12000,,,1767896859,1767900583,5000203,3724
5_18,3DBall_ppo_1767908093,Intel,16,22,1400000,x86,33752997888,18526416896,LPDDR5,0,,,,,,,951.646,646.834,NTFS,win32,FALSE,ppo,64,12000,0.0003,0.001,0.2,0.99,3,,linear,,,,5,,TRUE,128,2,simple,,,,0.99,1,,,5000000,1000,12000,,,1767908102,1767911188,5000813,3086
5_19,3DBall_ppo_1767911454,Intel,16,22,1400000,x86,33752997888,19583455232,LPDDR5,0,,,,,,,951.646,646.812,NTFS,win32,FALSE,ppo,64,12000,0.0003,0.001,0.2,0.99,3,,linear,,,,5,,TRUE,128,2,simple,,,,0.99,1,,,5000000,1000,12000,,,1767911464,1767914368,5000982,2904
5_20,3DBall_ppo_1767914945,Intel,16,22,1400000,x86,33752997888,19753279488,LPDDR5,0,,,,,,,951.646,646.806,NTFS,win32,FALSE,ppo,64,12000,0.0003,0.001,0.2,0.99,3,,linear,,,,5,,TRUE,128,2,simple,,,,0.99,1,,,5000000,1000,12000,,,1767914954,1767917809,5000177,2855
5_21,3DBall_ppo_1768045402,Intel,16,22,1400000,x86,33752997888,16551739392,LPDDR5,0,,,,,,,951.646,650.532,NTFS,win32,FALSE,ppo,64,12000,0.0003,0.001,0.2,0.99,3,,linear,,,,5,,TRUE,128,2,simple,,,,0.99,1,,,5000000,1000,12000,,,1768045417,1768053680,5000215,8263
,3DBall_ppo_1767877998,Intel,10,16,2400000,x86,34048757760,18354315264,DDR5,1,NVIDIA GeForce RTX 4060 Laptop GPU,NVIDIA,8,,,,1861.994,117.446,NTFS,win32,FALSE,ppo,64,12000,0.0003,0.001,0.2,0.99,3,,linear,,,,5,,TRUE,128,2,simple,,,,0.99,1,,,5000000,1000,12000,,,1767878003,1767878590,1264348,587
,3DBall_ppo_1767879535,Intel,10,16,2400000,x86,34048757760,17961246720,DDR5,1,NVIDIA GeForce RTX 4060 Laptop GPU,NVIDIA,8,,,,1861.994,117.45,NTFS,win32,FALSE,ppo,64,12000,0.0003,0.001,0.2,0.99,3,,linear,,,,5,,TRUE,128,2,simple,,,,0.99,1,,,5000000,1000,12000,,,1767879540,1767880149,1264304,609
,3DBall_ppo_1767880804,Intel,10,16,2400000,x86,34048757760,18238803968,DDR5,1,NVIDIA GeForce RTX 4060 Laptop GPU,NVIDIA,8,,,,1861.994,117.46,NTFS,win32,FALSE,ppo,64,12000,0.0003,0.001,0.2,0.99,3,,linear,,,,5,,TRUE,128,2,simple,,,,0.99,1,,,5000000,1000,12000,,,1767880810,1767881386,1267938,576
,3DBall_ppo_1767881689,Intel,10,16,2400000,x86,34048757760,17826861056,DDR5,1,NVIDIA GeForce RTX 4060 Laptop GPU,NVIDIA,8,,,,1861.994,117.355,NTFS,win32,FALSE,ppo,64,12000,0.0003,0.001,0.2,0.99,3,,linear,,,,5,,TRUE,128,2,simple,,,,0.99,1,,,5000000,1000,12000,,,1767881694,1767882261,1264289,567
,3DBall_ppo_1767882564,Intel,10,16,2400000,x86,34048757760,18048073728,DDR5,1,NVIDIA GeForce RTX 4060 Laptop GPU,NVIDIA,8,,,,1861.994,117.363,NTFS,win32,FALSE,ppo,64,12000,0.0003,0.001,0.2,0.99,3,,linear,,,,5,,TRUE,128,2,simple,,,,0.99,1,,,5000000,1000,12000,,,1767882569,1767883145,1265233,576
,3DBall_ppo_1767883449,Intel,10,16,2400000,x86,34048757760,18133606400,DDR5,1,NVIDIA GeForce RTX 4060 Laptop GPU,NVIDIA,8,,,,1861.994,117.354,NTFS,win32,FALSE,ppo,64,12000,0.0003,0.001,0.2,0.99,3,,linear,,,,5,,TRUE,128,2,simple,,,,0.99,1,,,5000000,1000,12000,,,1767883455,1767884291,1265137,836
,3DBall_ppo_1767884595,Intel,10,16,2400000,x86,34048757760,17859911680,DDR5,1,NVIDIA GeForce RTX 4060 Laptop GPU,NVIDIA,8,,,,1861.994,117.346,NTFS,win32,FALSE,ppo,64,12000,0.0003,0.001,0.2,0.99,3,,linear,,,,5,,TRUE,128,2,simple,,,,0.99,1,,,5000000,1000,12000,,,1767884601,1767885433,1265162,832
,3DBall_ppo_1767885759,Intel,10,16,2400000,x86,34048757760,17769828352,DDR5,1,NVIDIA GeForce RTX 4060 Laptop GPU,NVIDIA,8,,,,1861.994,117.339,NTFS,win32,FALSE,ppo,64,12000,0.0003,0.001,0.2,0.99,3,,linear,,,,5,,TRUE,128,2,simple,,,,0.99,1,,,5000000,1000,12000,,,1767885765,1767886555,1264672,790
,3DBall_ppo_1767886857,Intel,10,16,2400000,x86,34048757760,18117361664,DDR5,1,NVIDIA GeForce RTX 4060 Laptop GPU,NVIDIA,8,,,,1861.994,117.329,NTFS,win32,FALSE,ppo,64,12000,0.0003,0.001,0.2,0.99,3,,linear,,,,5,,TRUE,128,2,simple,,,,0.99,1,,,5000000,1000,12000,,,1767886863,1767887703,1267629,840
,3DBall_ppo_1767888006,Intel,10,16,2400000,x86,34048757760,17772212224,DDR5,1,NVIDIA GeForce RTX 4060 Laptop GPU,NVIDIA,8,,,,1861.994,117.327,NTFS,win32,FALSE,ppo,64,12000,0.0003,0.001,0.2,0.99,3,,linear,,,,5,,TRUE,128,2,simple,,,,0.99,1,,,5000000,1000,12000,,,1767888012,1767888838,1264933,826
,3DBall_ppo_1767889142,Intel,10,16,2400000,x86,34048757760,17755643904,DDR5,1,NVIDIA GeForce RTX 4060 Laptop GPU,NVIDIA,8,,,,1861.994,117.319,NTFS,win32,FALSE,ppo,64,12000,0.0003,0.001,0.2,0.99,3,,linear,,,,5,,TRUE,128,2,simple,,,,0.99,1,,,5000000,1000,12000,,,1767889147,1767889981,1267022,834
,3DBall_ppo_1767890284,Intel,10,16,2400000,x86,34048757760,19807563776,DDR5,1,NVIDIA GeForce RTX 4060 Laptop GPU,NVIDIA,8,,,,1861.994,117.3,NTFS,win32,FALSE,ppo,64,12000,0.0003,0.001,0.2,0.99,3,,linear,,,,5,,TRUE,128,2,simple,,,,0.99,1,,,5000000,1000,12000,,,1767890290,1767891121,1265482,831
,3DBall_ppo_1767891424,Intel,10,16,2400000,x86,34048757760,19878285312,DDR5,1,NVIDIA GeForce RTX 4060 Laptop GPU,NVIDIA,8,,,,1861.994,117.294,NTFS,win32,FALSE,ppo,64,12000,0.0003,0.001,0.2,0.99,3,,linear,,,,5,,TRUE,128,2,simple,,,,0.99,1,,,5000000,1000,12000,,,1767891430,1767892264,1264404,834
,3DBall_ppo_1767892567,Intel,10,16,2400000,x86,34048757760,19845963776,DDR5,1,NVIDIA GeForce RTX 4060 Laptop GPU,NVIDIA,8,,,,1861.994,117.312,NTFS,win32,FALSE,ppo,64,12000,0.0003,0.001,0.2,0.99,3,,linear,,,,5,,TRUE,128,2,simple,,,,0.99,1,,,5000000,1000,12000,,,1767892573,1767893202,1267674,629
,3DBall_ppo_1767893505,Intel,10,16,2400000,x86,34048757760,19369431040,DDR5,1,NVIDIA GeForce RTX 4060 Laptop GPU,NVIDIA,8,,,,1861.994,117.306,NTFS,win32,FALSE,ppo,64,12000,0.0003,0.001,0.2,0.99,3,,linear,,,,5,,TRUE,128,2,simple,,,,0.99,1,,,5000000,1000,12000,,,1767893511,1767894078,1264381,567
,3DBall_ppo_1767894380,Intel,10,16,2400000,x86,34048757760,19318083584,DDR5,1,NVIDIA GeForce RTX 4060 Laptop GPU,NVIDIA,8,,,,1861.994,117.301,NTFS,win32,FALSE,ppo,64,12000,0.0003,0.001,0.2,0.99,3,,linear,,,,5,,TRUE,128,2,simple,,,,0.99,1,,,5000000,1000,12000,,,1767894386,1767894954,1264458,568
,3DBall_ppo_1767895257,Intel,10,16,2400000,x86,34048757760,19079356416,DDR5,1,NVIDIA GeForce RTX 4060 Laptop GPU,NVIDIA,8,,,,1861.994,117.295,NTFS,win32,FALSE,ppo,64,12000,0.0003,0.001,0.2,0.99,3,,linear,,,,5,,TRUE,128,2,simple,,,,0.99,1,,,5000000,1000,12000,,,1767895263,1767895835,1265216,572
,3DBall_ppo_1767896138,Intel,10,16,2400000,x86,34048757760,19472674816,DDR5,1,NVIDIA GeForce RTX 4060 Laptop GPU,NVIDIA,8,,,,1861.994,117.294,NTFS,win32,FALSE,ppo,64,12000,0.0003,0.001,0.2,0.99,3,,linear,,,,5,,TRUE,128,2,simple,,,,0.99,1,,,5000000,1000,12000,,,1767896143,1767896908,1268427,765
,3DBall_ppo_1767897211,Intel,10,16,2400000,x86,34048757760,19327139840,DDR5,1,NVIDIA GeForce RTX 4060 Laptop GPU,NVIDIA,8,,,,1861.994,117.288,NTFS,win32,FALSE,ppo,64,12000,0.0003,0.001,0.2,0.99,3,,linear,,,,5,,TRUE,128,2,simple,,,,0.99,1,,,5000000,1000,12000,,,1767897217,1767898051,1265499,834
,3DBall_ppo_1767898354,Intel,10,16,2400000,x86,34048757760,19150041088,DDR5,1,NVIDIA GeForce RTX 4060 Laptop GPU,NVIDIA,8,,,,1861.994,117.29,NTFS,win32,FALSE,ppo,64,12000,0.0003,0.001,0.2,0.99,3,,linear,,,,5,,TRUE,128,2,simple,,,,0.99,1,,,5000000,1000,12000,,,1767898360,1767899193,1266682,833
,3DBall_ppo_1767899497,Intel,10,16,2400000,x86,34048757760,19091202048,DDR5,1,NVIDIA GeForce RTX 4060 Laptop GPU,NVIDIA,8,,,,1861.994,117.286,NTFS,win32,FALSE,ppo,64,12000,0.0003,0.001,0.2,0.99,3,,linear,,,,5,,TRUE,128,2,simple,,,,0.99,1,,,5000000,1000,12000,,,1767899502,1767900338,1270536,836
,3DBall_ppo_1767900641,Intel,10,16,2400000,x86,34048757760,18668396544,DDR5,1,NVIDIA GeForce RTX 4060 Laptop GPU,NVIDIA,8,,,,1861.994,117.279,NTFS,win32,FALSE,ppo,64,12000,0.0003,0.001,0.2,0.99,3,,linear,,,,5,,TRUE,128,2,simple,,,,0.99,1,,,5000000,1000,12000,,,1767900647,1767901487,1265016,840
,3DBall_ppo_1767901791,Intel,10,16,2400000,x86,34048757760,18613112832,DDR5,1,NVIDIA GeForce RTX 4060 Laptop GPU,NVIDIA,8,,,,1861.994,117.234,NTFS,win32,FALSE,ppo,64,12000,0.0003,0.001,0.2,0.99,3,,linear,,,,5,,TRUE,128,2,simple,,,,0.99,1,,,5000000,1000,12000,,,1767901796,1767902633,1266405,837
,3DBall_ppo_1767902936,Intel,10,16,2400000,x86,34048757760,18575118336,DDR5,1,NVIDIA GeForce RTX 4060 Laptop GPU,NVIDIA,8,,,,1861.994,117.235,NTFS,win32,FALSE,ppo,64,12000,0.0003,0.001,0.2,0.99,3,,linear,,,,5,,TRUE,128,2,simple,,,,0.99,1,,,5000000,1000,12000,,,1767902942,1767903775,1264740,833
,3DBall_ppo_1767904078,Intel,10,16,2400000,x86,34048757760,18528362496,DDR5,1,NVIDIA GeForce RTX 4060 Laptop GPU,NVIDIA,8,,,,1861.994,117.23,NTFS,win32,FALSE,ppo,64,12000,0.0003,0.001,0.2,0.99,3,,linear,,,,5,,TRUE,128,2,simple,,,,0.99,1,,,5000000,1000,12000,,,1767904084,1767904918,1265009,834
,3DBall_ppo_1767905225,Intel,10,16,2400000,x86,34048757760,18458431488,DDR5,1,NVIDIA GeForce RTX 4060 Laptop GPU,NVIDIA,8,,,,1861.994,116.972,NTFS,win32,FALSE,ppo,64,12000,0.0003,0.001,0.2,0.99,3,,linear,,,,5,,TRUE,128,2,simple,,,,0.99,1,,,5000000,1000,12000,,,1767905234,1767906066,1270816,832
,3DBall_ppo_1767906369,Intel,10,16,2400000,x86,34048757760,18976464896,DDR5,1,NVIDIA GeForce RTX 4060 Laptop GPU,NVIDIA,8,,,,1861.994,117.222,NTFS,win32,FALSE,ppo,64,12000,0.0003,0.001,0.2,0.99,3,,linear,,,,5,,TRUE,128,2,simple,,,,0.99,1,,,5000000,1000,12000,,,1767906375,1767907184,1266030,809
,3DBall_ppo_1767914611,Intel,10,16,2400000,x86,34048757760,19737206784,DDR5,1,NVIDIA GeForce RTX 4060 Laptop GPU,NVIDIA,8,,,,1861.994,117.04,NTFS,win32,FALSE,ppo,64,12000,0.0003,0.001,0.2,0.99,3,,linear,,,,5,,TRUE,128,2,simple,,,,0.99,1,,,5000000,1000,12000,,,1767914616,1767915184,1264551,568
,3DBall_ppo_1767915487,Intel,10,16,2400000,x86,34048757760,19735240704,DDR5,1,NVIDIA GeForce RTX 4060 Laptop GPU,NVIDIA,8,,,,1861.994,117.039,NTFS,win32,FALSE,ppo,64,12000,0.0003,0.001,0.2,0.99,3,,linear,,,,5,,TRUE,128,2,simple,,,,0.99,1,,,5000000,1000,12000,,,1767915492,1767916057,1264966,565
,3DBall_ppo_1767916360,Intel,10,16,2400000,x86,34048757760,19627560960,DDR5,1,NVIDIA GeForce RTX 4060 Laptop GPU,NVIDIA,8,,,,1861.994,117.037,NTFS,win32,FALSE,ppo,64,12000,0.0003,0.001,0.2,0.99,3,,linear,,,,5,,TRUE,128,2,simple,,,,0.99,1,,,5000000,1000,12000,,,1767916365,1767916931,1265462,566
,3DBall_ppo_1767919676,Intel,10,16,2400000,x86,34048757760,19068321792,DDR5,1,NVIDIA GeForce RTX 4060 Laptop GPU,NVIDIA,8,,,,1861.994,117.015,NTFS,win32,FALSE,ppo,64,12000,0.0003,0.001,0.2,0.99,3,,linear,,,,5,,TRUE,128,2,simple,,,,0.99,1,,,5000000,1000,12000,,,1767919681,1767920245,1266230,564
,3DBall_ppo_1767920547,Intel,10,16,2400000,x86,34048757760,19305426944,DDR5,1,NVIDIA GeForce RTX 4060 Laptop GPU,NVIDIA,8,,,,1861.994,117.011,NTFS,win32,FALSE,ppo,64,12000,0.0003,0.001,0.2,0.99,3,,linear,,,,5,,TRUE,128,2,simple,,,,0.99,1,,,5000000,1000,12000,,,1767920553,1767921111,1265443,558
,3DBall_ppo_1767921414,Intel,10,16,2400000,x86,34048757760,19495792640,DDR5,1,NVIDIA GeForce RTX 4060 Laptop GPU,NVIDIA,8,,,,1861.994,117.011,NTFS,win32,FALSE,ppo,64,12000,0.0003,0.001,0.2,0.99,3,,linear,,,,5,,TRUE,128,2,simple,,,,0.99,1,,,5000000,1000,12000,,,1767921419,1767921982,1264799,563
,3DBall_ppo_1767922795,Intel,10,16,2400000,x86,34048757760,18954407936,DDR5,1,NVIDIA GeForce RTX 4060 Laptop GPU,NVIDIA,8,,,,1861.994,117.006,NTFS,win32,FALSE,ppo,64,12000,0.0003,0.001,0.2,0.99,3,,linear,,,,5,,TRUE,128,2,simple,,,,0.99,1,,,5000000,1000,12000,,,1767922800,1767923621,1267280,821
,3DBall_ppo_1767924224,Intel,10,16,2400000,x86,34048757760,20031479808,DDR5,1,NVIDIA GeForce RTX 4060 Laptop GPU,NVIDIA,8,,,,1861.994,116.985,NTFS,win32,FALSE,ppo,64,12000,0.0003,0.001,0.2,0.99,3,,linear,,,,5,,TRUE,128,2,simple,,,,0.99,1,,,5000000,1000,12000,,,1767924230,1767925047,1269058,817
,3DBall_ppo_1767925651,Intel,10,16,2400000,x86,34048757760,19899342848,DDR5,1,NVIDIA GeForce RTX 4060 Laptop GPU,NVIDIA,8,,,,1861.994,116.985,NTFS,win32,FALSE,ppo,64,12000,0.0003,0.001,0.2,0.99,3,,linear,,,,5,,TRUE,128,2,simple,,,,0.99,1,,,5000000,1000,12000,,,1767925657,1767926475,1263410,818
,3DBall_ppo_1767927079,Intel,10,16,2400000,x86,34048757760,19825401856,DDR5,1,NVIDIA GeForce RTX 4060 Laptop GPU,NVIDIA,8,,,,1861.994,116.972,NTFS,win32,FALSE,ppo,64,12000,0.0003,0.001,0.2,0.99,3,,linear,,,,5,,TRUE,128,2,simple,,,,0.99,1,,,5000000,1000,12000,,,1767927084,1767927898,1264659,814
,3DBall_ppo_1767928502,Intel,10,16,2400000,x86,34048757760,19913977856,DDR5,1,NVIDIA GeForce RTX 4060 Laptop GPU,NVIDIA,8,,,,1861.994,116.966,NTFS,win32,FALSE,ppo,64,12000,0.0003,0.001,0.2,0.99,3,,linear,,,,5,,TRUE,128,2,simple,,,,0.99,1,,,5000000,1000,12000,,,1767928507,1767929330,1266799,823
,3DBall_ppo_1767929933,Intel,10,16,2400000,x86,34048757760,19854274560,DDR5,1,NVIDIA GeForce RTX 4060 Laptop GPU,NVIDIA,8,,,,1861.994,116.499,NTFS,win32,FALSE,ppo,64,12000,0.0003,0.001,0.2,0.99,3,,linear,,,,5,,TRUE,128,2,simple,,,,0.99,1,,,5000000,1000,12000,,,1767929939,1767930754,1265641,815
,3DBall_ppo_1767931357,Intel,10,16,2400000,x86,34048757760,19627556864,DDR5,1,NVIDIA GeForce RTX 4060 Laptop GPU,NVIDIA,8,,,,1861.994,116.499,NTFS,win32,FALSE,ppo,64,12000,0.0003,0.001,0.2,0.99,3,,linear,,,,5,,TRUE,128,2,simple,,,,0.99,1,,,5000000,1000,12000,,,1767931363,1767932178,1265787,815
,3DBall_ppo_1767932781,Intel,10,16,2400000,x86,34048757760,20062998528,DDR5,1,NVIDIA GeForce RTX 4060 Laptop GPU,NVIDIA,8,,,,1861.994,116.491,NTFS,win32,FALSE,ppo,64,12000,0.0003,0.001,0.2,0.99,3,,linear,,,,5,,TRUE,128,2,simple,,,,0.99,1,,,5000000,1000,12000,,,1767932787,1767933606,1268672,819
,3DBall_ppo_1767934209,Intel,10,16,2400000,x86,34048757760,19947167744,DDR5,1,NVIDIA GeForce RTX 4060 Laptop GPU,NVIDIA,8,,,,1861.994,116.482,NTFS,win32,FALSE,ppo,64,12000,0.0003,0.001,0.2,0.99,3,,linear,,,,5,,TRUE,128,2,simple,,,,0.99,1,,,5000000,1000,12000,,,1767934214,1767935031,1263669,817
,3DBall_ppo_1767935635,Intel,10,16,2400000,x86,34048757760,19838230528,DDR5,1,NVIDIA GeForce RTX 4060 Laptop GPU,NVIDIA,8,,,,1861.994,116.481,NTFS,win32,FALSE,ppo,64,12000,0.0003,0.001,0.2,0.99,3,,linear,,,,5,,TRUE,128,2,simple,,,,0.99,1,,,5000000,1000,12000,,,1767935640,1767936461,1268500,821
,3DBall_ppo_1767937064,Intel,10,16,2400000,x86,34048757760,19688026112,DDR5,1,NVIDIA GeForce RTX 4060 Laptop GPU,NVIDIA,8,,,,1861.994,116.474,NTFS,win32,FALSE,ppo,64,12000,0.0003,0.001,0.2,0.99,3,,linear,,,,5,,TRUE,128,2,simple,,,,0.99,1,,,5000000,1000,12000,,,1767937070,1767937886,1265210,816
,3DBall_ppo_1767938490,Intel,10,16,2400000,x86,34048757760,19543035904,DDR5,1,NVIDIA GeForce RTX 4060 Laptop GPU,NVIDIA,8,,,,1861.994,116.467,NTFS,win32,FALSE,ppo,64,12000,0.0003,0.001,0.2,0.99,3,,linear,,,,5,,TRUE,128,2,simple,,,,0.99,1,,,5000000,1000,12000,,,1767938495,1767939313,1264200,818
,3DBall_ppo_1767939917,Intel,10,16,2400000,x86,34048757760,19568300032,DDR5,1,NVIDIA GeForce RTX 4060 Laptop GPU,NVIDIA,8,,,,1861.994,116.459,NTFS,win32,FALSE,ppo,64,12000,0.0003,0.001,0.2,0.99,3,,linear,,,,5,,TRUE,128,2,simple,,,,0.99,1,,,5000000,1000,12000,,,1767939922,1767940737,1261793,815
,3DBall_ppo_1767941340,Intel,10,16,2400000,x86,34048757760,19492564992,DDR5,1,NVIDIA GeForce RTX 4060 Laptop GPU,NVIDIA,8,,,,1861.994,116.452,NTFS,win32,FALSE,ppo,64,12000,0.0003,0.001,0.2,0.99,3,,linear,,,,5,,TRUE,128,2,simple,,,,0.99,1,,,5000000,1000,12000,,,1767941346,1767942167,1266054,821
,3DBall_ppo_1767942770,Intel,10,16,2400000,x86,34048757760,19324018688,DDR5,1,NVIDIA GeForce RTX 4060 Laptop GPU,NVIDIA,8,,,,1861.994,116.453,NTFS,win32,FALSE,ppo,64,12000,0.0003,0.001,0.2,0.99,3,,linear,,,,5,,TRUE,128,2,simple,,,,0.99,1,,,5000000,1000,12000,,,1767942775,1767943592,1265948,817
,3DBall_ppo_1767944195,Intel,10,16,2400000,x86,34048757760,19567689728,DDR5,1,NVIDIA GeForce RTX 4060 Laptop GPU,NVIDIA,8,,,,1861.994,116.447,NTFS,win32,FALSE,ppo,64,12000,0.0003,0.001,0.2,0.99,3,,linear,,,,5,,TRUE,128,2,simple,,,,0.99,1,,,5000000,1000,12000,,,1767944201,1767945005,1268835,804
,3DBall_ppo_1767945608,Intel,10,16,2400000,x86,34048757760,19475480576,DDR5,1,NVIDIA GeForce RTX 4060 Laptop GPU,NVIDIA,8,,,,1861.994,116.44,NTFS,win32,FALSE,ppo,64,12000,0.0003,0.001,0.2,0.99,3,,linear,,,,5,,TRUE,128,2,simple,,,,0.99,1,,,5000000,1000,12000,,,1767945614,1767946428,1266003,814
,3DBall_ppo_1767947031,Intel,10,16,2400000,x86,34048757760,19388952576,DDR5,1,NVIDIA GeForce RTX 4060 Laptop GPU,NVIDIA,8,,,,1861.994,116.432,NTFS,win32,FALSE,ppo,64,12000,0.0003,0.001,0.2,0.99,3,,linear,,,,5,,TRUE,128,2,simple,,,,0.99,1,,,5000000,1000,12000,,,1767947037,1767947854,1266998,817
,3DBall_ppo_1767948460,Intel,10,16,2400000,x86,34048757760,19577425920,DDR5,1,NVIDIA GeForce RTX 4060 Laptop GPU,NVIDIA,8,,,,1861.994,116.175,NTFS,win32,FALSE,ppo,64,12000,0.0003,0.001,0.2,0.99,3,,linear,,,,5,,TRUE,128,2,simple,,,,0.99,1,,,5000000,1000,12000,,,1767948469,1767949282,1263903,813
,3DBall_ppo_1767949885,Intel,10,16,2400000,x86,34048757760,19294679040,DDR5,1,NVIDIA GeForce RTX 4060 Laptop GPU,NVIDIA,8,,,,1861.994,116.171,NTFS,win32,FALSE,ppo,64,12000,0.0003,0.001,0.2,0.99,3,,linear,,,,5,,TRUE,128,2,simple,,,,0.99,1,,,5000000,1000,12000,,,1767949891,1767950704,1266488,813
,3DBall_ppo_1767951307,Intel,10,16,2400000,x86,34048757760,19162742784,DDR5,1,NVIDIA GeForce RTX 4060 Laptop GPU,NVIDIA,8,,,,1861.994,116.163,NTFS,win32,FALSE,ppo,64,12000,0.0003,0.001,0.2,0.99,3,,linear,,,,5,,TRUE,128,2,simple,,,,0.99,1,,,5000000,1000,12000,,,1767951313,1767952128,1266346,815
,3DBall_ppo_1767952731,Intel,10,16,2400000,x86,34048757760,19028365312,DDR5,1,NVIDIA GeForce RTX 4060 Laptop GPU,NVIDIA,8,,,,1861.994,116.158,NTFS,win32,FALSE,ppo,64,12000,0.0003,0.001,0.2,0.99,3,,linear,,,,5,,TRUE,128,2,simple,,,,0.99,1,,,5000000,1000,12000,,,1767952737,1767953553,1268376,816
,3DBall_ppo_1767954156,Intel,10,16,2400000,x86,34048757760,18812014592,DDR5,1,NVIDIA GeForce RTX 4060 Laptop GPU,NVIDIA,8,,,,1861.994,116.162,NTFS,win32,FALSE,ppo,64,12000,0.0003,0.001,0.2,0.99,3,,linear,,,,5,,TRUE,128,2,simple,,,,0.99,1,,,5000000,1000,12000,,,1767954162,1767954976,1264819,814
,3DBall_ppo_1767955579,Intel,10,16,2400000,x86,34048757760,18949791744,DDR5,1,NVIDIA GeForce RTX 4060 Laptop GPU,NVIDIA,8,,,,1861.994,116.157,NTFS,win32,FALSE,ppo,64,12000,0.0003,0.001,0.2,0.99,3,,linear,,,,5,,TRUE,128,2,simple,,,,0.99,1,,,5000000,1000,12000,,,1767955585,1767956399,1265331,814
,3DBall_ppo_1767957003,Intel,10,16,2400000,x86,34048757760,19389448192,DDR5,1,NVIDIA GeForce RTX 4060 Laptop GPU,NVIDIA,8,,,,1861.994,116.157,NTFS,win32,FALSE,ppo,64,12000,0.0003,0.001,0.2,0.99,3,,linear,,,,5,,TRUE,128,2,simple,,,,0.99,1,,,5000000,1000,12000,,,1767957008,1767957822,1264574,814
,3DBall_ppo_1768175019,Intel,10,16,2400000,x86,34048757760,20674121728,DDR5,1,NVIDIA GeForce RTX 4060 Laptop GPU,NVIDIA,8,,,,1861.994,108.967,NTFS,win32,FALSE,ppo,32,12000,0.0003,0.001,0.2,0.99,3,,linear,,,,5,,TRUE,128,2,simple,,,,0.99,1,,,5000000,1000,12000,,,1768175029,1768175625,1264874,596
,3DBall_ppo_1768175777,Intel,10,16,2400000,x86,34048757760,21186838528,DDR5,1,NVIDIA GeForce RTX 4060 Laptop GPU,NVIDIA,8,,,,1861.994,108.98,NTFS,win32,FALSE,ppo,32,12000,0.0003,0.001,0.2,0.99,3,,linear,,,,5,,TRUE,128,2,simple,,,,0.99,1,,,5000000,1000,12000,,,1768175782,1768176415,1267663,633
,3DBall_ppo_1768176819,Intel,10,16,2400000,x86,34048757760,19675160576,DDR5,1,NVIDIA GeForce RTX 4060 Laptop GPU,NVIDIA,8,,,,1861.994,109.209,NTFS,win32,FALSE,ppo,32,12000,0.0003,0.001,0.2,0.99,3,,linear,,,,5,,TRUE,128,2,simple,,,,0.99,1,,,5000000,1000,12000,,,1768176824,1768177430,1263924,606
,3DBall_ppo_1768177827,Intel,10,16,2400000,x86,34048757760,20094627840,DDR5,1,NVIDIA GeForce RTX 4060 Laptop GPU,NVIDIA,8,,,,1861.994,109.187,NTFS,win32,FALSE,ppo,32,12000,0.0003,0.001,0.2,0.99,3,,linear,,,,5,,TRUE,128,2,simple,,,,0.99,1,,,5000000,1000,12000,,,1768177832,1768178862,1268160,1030
,3DBall_ppo_1768179165,Intel,10,16,2400000,x86,34048757760,19710201856,DDR5,1,NVIDIA GeForce RTX 4060 Laptop GPU,NVIDIA,8,,,,1861.994,109.183,NTFS,win32,FALSE,ppo,32,12000,0.0003,0.001,0.2,0.99,3,,linear,,,,5,,TRUE,128,2,simple,,,,0.99,1,,,5000000,1000,12000,,,1768179170,1768180193,1265659,1023
,3DBall_ppo_1768180496,Intel,10,16,2400000,x86,34048757760,19716390912,DDR5,1,NVIDIA GeForce RTX 4060 Laptop GPU,NVIDIA,8,,,,1861.994,109.175,NTFS,win32,FALSE,ppo,32,12000,0.0003,0.001,0.2,0.99,3,,linear,,,,5,,TRUE,128,2,simple,,,,0.99,1,,,5000000,1000,12000,,,1768180501,1768181538,1268079,1037
,3DBall_ppo_1768181841,Intel,10,16,2400000,x86,34048757760,19579424768,DDR5,1,NVIDIA GeForce RTX 4060 Laptop GPU,NVIDIA,8,,,,1861.994,109.17,NTFS,win32,FALSE,ppo,32,12000,0.0003,0.001,0.2,0.99,3,,linear,,,,5,,TRUE,128,2,simple,,,,0.99,1,,,5000000,1000,12000,,,1768181846,1768182884,1267577,1038
,3DBall_ppo_1768183187,Intel,10,16,2400000,x86,34048757760,19328258048,DDR5,1,NVIDIA GeForce RTX 4060 Laptop GPU,NVIDIA,8,,,,1861.994,109.163,NTFS,win32,FALSE,ppo,32,12000,0.0003,0.001,0.2,0.99,3,,linear,,,,5,,TRUE,128,2,simple,,,,0.99,1,,,5000000,1000,12000,,,1768183193,1768184231,1268832,1038
,3DBall_ppo_1768184534,Intel,10,16,2400000,x86,34048757760,19301040128,DDR5,1,NVIDIA GeForce RTX 4060 Laptop GPU,NVIDIA,8,,,,1861.994,109.167,NTFS,win32,FALSE,ppo,32,12000,0.0003,0.001,0.2,0.99,3,,linear,,,,5,,TRUE,128,2,simple,,,,0.99,1,,,5000000,1000,12000,,,1768184539,1768185577,1264594,1038
,3DBall_ppo_1768185880,Intel,10,16,2400000,x86,34048757760,19101687808,DDR5,1,NVIDIA GeForce RTX 4060 Laptop GPU,NVIDIA,8,,,,1861.994,109.163,NTFS,win32,FALSE,ppo,32,12000,0.0003,0.001,0.2,0.99,3,,linear,,,,5,,TRUE,128,2,simple,,,,0.99,1,,,5000000,1000,12000,,,1768185885,1768186921,1266690,1036
,3DBall_ppo_1768187224,Intel,10,16,2400000,x86,34048757760,19064913920,DDR5,1,NVIDIA GeForce RTX 4060 Laptop GPU,NVIDIA,8,,,,1861.994,109.16,NTFS,win32,FALSE,ppo,32,12000,0.0003,0.001,0.2,0.99,3,,linear,,,,5,,TRUE,128,2,simple,,,,0.99,1,,,5000000,1000,12000,,,1768187229,1768188269,1267259,1040
,3DBall_ppo_1768188572,Intel,10,16,2400000,x86,34048757760,18886701056,DDR5,1,NVIDIA GeForce RTX 4060 Laptop GPU,NVIDIA,8,,,,1861.994,109.164,NTFS,win32,FALSE,ppo,32,12000,0.0003,0.001,0.2,0.99,3,,linear,,,,5,,TRUE,128,2,simple,,,,0.99,1,,,5000000,1000,12000,,,1768188577,1768189615,1265082,1038
,3DBall_ppo_1768189917,Intel,10,16,2400000,x86,34048757760,19479314432,DDR5,1,NVIDIA GeForce RTX 4060 Laptop GPU,NVIDIA,8,,,,1861.994,109.162,NTFS,win32,FALSE,ppo,32,12000,0.0003,0.001,0.2,0.99,3,,linear,,,,5,,TRUE,128,2,simple,,,,0.99,1,,,5000000,1000,12000,,,1768189922,1768190959,1263043,1037
,3DBall_ppo_1768191262,Intel,10,16,2400000,x86,34048757760,19383222272,DDR5,1,NVIDIA GeForce RTX 4060 Laptop GPU,NVIDIA,8,,,,1861.994,109.155,NTFS,win32,FALSE,ppo,32,12000,0.0003,0.001,0.2,0.99,3,,linear,,,,5,,TRUE,128,2,simple,,,,0.99,1,,,5000000,1000,12000,,,1768191267,1768192305,1264845,1038
,3DBall_ppo_1768192608,Intel,10,16,2400000,x86,34048757760,19312820224,DDR5,1,NVIDIA GeForce RTX 4060 Laptop GPU,NVIDIA,8,,,,1861.994,109.151,NTFS,win32,FALSE,ppo,32,12000,0.0003,0.001,0.2,0.99,3,,linear,,,,5,,TRUE,128,2,simple,,,,0.99,1,,,5000000,1000,12000,,,1768192613,1768193651,1266445,1038
,3DBall_ppo_1768193954,Intel,10,16,2400000,x86,34048757760,19227680768,DDR5,1,NVIDIA GeForce RTX 4060 Laptop GPU,NVIDIA,8,,,,1861.994,109.148,NTFS,win32,FALSE,ppo,32,12000,0.0003,0.001,0.2,0.99,3,,linear,,,,5,,TRUE,128,2,simple,,,,0.99,1,,,5000000,1000,12000,,,1768193959,1768194998,1265675,1039
,3DBall_ppo_1768195301,Intel,10,16,2400000,x86,34048757760,19081457664,DDR5,1,NVIDIA GeForce RTX 4060 Laptop GPU,NVIDIA,8,,,,1861.994,109.144,NTFS,win32,FALSE,ppo,32,12000,0.0003,0.001,0.2,0.99,3,,linear,,,,5,,TRUE,128,2,simple,,,,0.99,1,,,5000000,1000,12000,,,1768195306,1768196342,1263153,1036
,3DBall_ppo_1768196645,Intel,10,16,2400000,x86,34048757760,18988752896,DDR5,1,NVIDIA GeForce RTX 4060 Laptop GPU,NVIDIA,8,,,,1861.994,109.139,NTFS,win32,FALSE,ppo,32,12000,0.0003,0.001,0.2,0.99,3,,linear,,,,5,,TRUE,128,2,simple,,,,0.99,1,,,5000000,1000,12000,,,1768196649,1768197684,1267305,1035
,3DBall_ppo_1768197987,Intel,10,16,2400000,x86,34048757760,19244634112,DDR5,1,NVIDIA GeForce RTX 4060 Laptop GPU,NVIDIA,8,,,,1861.994,109.14,NTFS,win32,FALSE,ppo,32,12000,0.0003,0.001,0.2,0.99,3,,linear,,,,5,,TRUE,128,2,simple,,,,0.99,1,,,5000000,1000,12000,,,1768197992,1768199029,1265702,1037
,3DBall_ppo_1768199332,Intel,10,16,2400000,x86,34048757760,19116335104,DDR5,1,NVIDIA GeForce RTX 4060 Laptop GPU,NVIDIA,8,,,,1861.994,109.135,NTFS,win32,FALSE,ppo,32,12000,0.0003,0.001,0.2,0.99,3,,linear,,,,5,,TRUE,128,2,simple,,,,0.99,1,,,5000000,1000,12000,,,1768199337,1768200372,1264946,1035
,3DBall_ppo_1768200675,Intel,10,16,2400000,x86,34048757760,18884866048,DDR5,1,NVIDIA GeForce RTX 4060 Laptop GPU,NVIDIA,8,,,,1861.994,109.133,NTFS,win32,FALSE,ppo,32,12000,0.0003,0.001,0.2,0.99,3,,linear,,,,5,,TRUE,128,2,simple,,,,0.99,1,,,5000000,1000,12000,,,1768200680,1768201719,1266152,1039
,3DBall_ppo_1768202022,Intel,10,16,2400000,x86,34048757760,18693984256,DDR5,1,NVIDIA GeForce RTX 4060 Laptop GPU,NVIDIA,8,,,,1861.994,109.127,NTFS,win32,FALSE,ppo,32,12000,0.0003,0.001,0.2,0.99,3,,linear,,,,5,,TRUE,128,2,simple,,,,0.99,1,,,5000000,1000,12000,,,1768202027,1768203063,1264490,1036
,3DBall_ppo_1768203366,Intel,10,16,2400000,x86,34048757760,19180617728,DDR5,1,NVIDIA GeForce RTX 4060 Laptop GPU,NVIDIA,8,,,,1861.994,109.131,NTFS,win32,FALSE,ppo,32,12000,0.0003,0.001,0.2,0.99,3,,linear,,,,5,,TRUE,128,2,simple,,,,0.99,1,,,5000000,1000,12000,,,1768203371,1768204413,1267908,1042
,3DBall_ppo_1768204716,Intel,10,16,2400000,x86,34048757760,19268718592,DDR5,1,NVIDIA GeForce RTX 4060 Laptop GPU,NVIDIA,8,,,,1861.994,109.13,NTFS,win32,FALSE,ppo,32,12000,0.0003,0.001,0.2,0.99,3,,linear,,,,5,,TRUE,128,2,simple,,,,0.99,1,,,5000000,1000,12000,,,1768204721,1768205758,1266191,1037
,3DBall_ppo_1768206061,Intel,10,16,2400000,x86,34048757760,19131465728,DDR5,1,NVIDIA GeForce RTX 4060 Laptop GPU,NVIDIA,8,,,,1861.994,109.125,NTFS,win32,FALSE,ppo,32,12000,0.0003,0.001,0.2,0.99,3,,linear,,,,5,,TRUE,128,2,simple,,,,0.99,1,,,5000000,1000,12000,,,1768206066,1768207103,1266176,1037
,3DBall_ppo_1768207406,Intel,10,16,2400000,x86,34048757760,18974101504,DDR5,1,NVIDIA GeForce RTX 4060 Laptop GPU,NVIDIA,8,,,,1861.994,109.136,NTFS,win32,FALSE,ppo,32,12000,0.0003,0.001,0.2,0.99,3,,linear,,,,5,,TRUE,128,2,simple,,,,0.99,1,,,5000000,1000,12000,,,1768207411,1768208446,1267026,1035
,3DBall_ppo_1768208749,Intel,10,16,2400000,x86,34048757760,18742525952,DDR5,1,NVIDIA GeForce RTX 4060 Laptop GPU,NVIDIA,8,,,,1861.994,109.134,NTFS,win32,FALSE,ppo,32,12000,0.0003,0.001,0.2,0.99,3,,linear,,,,5,,TRUE,128,2,simple,,,,0.99,1,,,5000000,1000,12000,,,1768208754,1768209789,1264981,1035
,3DBall_ppo_1768210092,Intel,10,16,2400000,x86,34048757760,18701197312,DDR5,1,NVIDIA GeForce RTX 4060 Laptop GPU,NVIDIA,8,,,,1861.994,109.128,NTFS,win32,FALSE,ppo,32,12000,0.0003,0.001,0.2,0.99,3,,linear,,,,5,,TRUE,128,2,simple,,,,0.99,1,,,5000000,1000,12000,,,1768210097,1768211136,1265898,1039
,3DBall_ppo_1768211439,Intel,10,16,2400000,x86,34048757760,18522173440,DDR5,1,NVIDIA GeForce RTX 4060 Laptop GPU,NVIDIA,8,,,,1861.994,109.125,NTFS,win32,FALSE,ppo,32,12000,0.0003,0.001,0.2,0.99,3,,linear,,,,5,,TRUE,128,2,simple,,,,0.99,1,,,5000000,1000,12000,,,1768211445,1768212480,1267335,1035
,3DBall_ppo_1768212783,Intel,10,16,2400000,x86,34048757760,18441809920,DDR5,1,NVIDIA GeForce RTX 4060 Laptop GPU,NVIDIA,8,,,,1861.994,109.121,NTFS,win32,FALSE,ppo,32,12000,0.0003,0.001,0.2,0.99,3,,linear,,,,5,,TRUE,128,2,simple,,,,0.99,1,,,5000000,1000,12000,,,1768212788,1768213824,1265261,1036
,3DBall_ppo_1768214127,Intel,10,16,2400000,x86,34048757760,18308747264,DDR5,1,NVIDIA GeForce RTX 4060 Laptop GPU,NVIDIA,8,,,,1861.994,109.096,NTFS,win32,FALSE,ppo,32,12000,0.0003,0.001,0.2,0.99,3,,linear,,,,5,,TRUE,128,2,simple,,,,0.99,1,,,5000000,1000,12000,,,1768214132,1768215175,1267569,1043
,3DBall_ppo_1768215478,Intel,10,16,2400000,x86,34048757760,18225565696,DDR5,1,NVIDIA GeForce RTX 4060 Laptop GPU,NVIDIA,8,,,,1861.994,109.093,NTFS,win32,FALSE,ppo,32,12000,0.0003,0.001,0.2,0.99,3,,linear,,,,5,,TRUE,128,2,simple,,,,0.99,1,,,5000000,1000,12000,,,1768215483,1768216522,1264228,1039
,3DBall_ppo_1768216825,Intel,10,16,2400000,x86,34048757760,18101645312,DDR5,1,NVIDIA GeForce RTX 4060 Laptop GPU,NVIDIA,8,,,,1861.994,109.09,NTFS,win32,FALSE,ppo,32,12000,0.0003,0.001,0.2,0.99,3,,linear,,,,5,,TRUE,128,2,simple,,,,0.99,1,,,5000000,1000,12000,,,1768216829,1768217860,1265005,1031
,3DBall_ppo_1768218163,Intel,10,16,2400000,x86,34048757760,18661998592,DDR5,1,NVIDIA GeForce RTX 4060 Laptop GPU,NVIDIA,8,,,,1861.994,109.071,NTFS,win32,FALSE,ppo,32,12000,0.0003,0.001,0.2,0.99,3,,linear,,,,5,,TRUE,128,2,simple,,,,0.99,1,,,5000000,1000,12000,,,1768218168,1768219205,1266627,1037
,3DBall_ppo_1768219508,Intel,10,16,2400000,x86,34048757760,18874875904,DDR5,1,NVIDIA GeForce RTX 4060 Laptop GPU,NVIDIA,8,,,,1861.994,109.075,NTFS,win32,FALSE,ppo,32,12000,0.0003,0.001,0.2,0.99,3,,linear,,,,5,,TRUE,128,2,simple,,,,0.99,1,,,5000000,1000,12000,,,1768219513,1768220553,1267691,1040
,3DBall_ppo_1768220856,Intel,10,16,2400000,x86,34048757760,18708377600,DDR5,1,NVIDIA GeForce RTX 4060 Laptop GPU,NVIDIA,8,,,,1861.994,109.072,NTFS,win32,FALSE,ppo,32,12000,0.0003,0.001,0.2,0.99,3,,linear,,,,5,,TRUE,128,2,simple,,,,0.99,1,,,5000000,1000,12000,,,1768220861,1768221898,1266176,1037
,3DBall_ppo_1768222201,Intel,10,16,2400000,x86,34048757760,18630848512,DDR5,1,NVIDIA GeForce RTX 4060 Laptop GPU,NVIDIA,8,,,,1861.994,109.07,NTFS,win32,FALSE,ppo,32,12000,0.0003,0.001,0.2,0.99,3,,linear,,,,5,,TRUE,128,2,simple,,,,0.99,1,,,5000000,1000,12000,,,1768222206,1768223238,1264021,1032
,3DBall_ppo_1768223541,Intel,10,16,2400000,x86,34048757760,18554052608,DDR5,1,NVIDIA GeForce RTX 4060 Laptop GPU,NVIDIA,8,,,,1861.994,108.999,NTFS,win32,FALSE,ppo,32,12000,0.0003,0.001,0.2,0.99,3,,linear,,,,5,,TRUE,128,2,simple,,,,0.99,1,,,5000000,1000,12000,,,1768223545,1768224536,1266533,991
,3DBall_ppo_1768224838,Intel,10,16,2400000,x86,34048757760,19397214208,DDR5,1,NVIDIA GeForce RTX 4060 Laptop GPU,NVIDIA,8,,,,1861.994,108.736,NTFS,win32,FALSE,ppo,32,12000,0.0003,0.001,0.2,0.99,3,,linear,,,,5,,TRUE,128,2,simple,,,,0.99,1,,,5000000,1000,12000,,,1768224843,1768225874,1264529,1031
,3DBall_ppo_1768226177,Intel,10,16,2400000,x86,34048757760,18745888768,DDR5,1,NVIDIA GeForce RTX 4060 Laptop GPU,NVIDIA,8,,,,1861.994,108.668,NTFS,win32,FALSE,ppo,32,12000,0.0003,0.001,0.2,0.99,3,,linear,,,,5,,TRUE,128,2,simple,,,,0.99,1,,,5000000,1000,12000,,,1768226182,1768227248,1264735,1066
,3DBall_ppo_1768227552,Intel,10,16,2400000,x86,34048757760,18531373056,DDR5,1,NVIDIA GeForce RTX 4060 Laptop GPU,NVIDIA,8,,,,1861.994,108.631,NTFS,win32,FALSE,ppo,32,12000,0.0003,0.001,0.2,0.99,3,,linear,,,,5,,TRUE,128,2,simple,,,,0.99,1,,,5000000,1000,12000,,,1768227557,1768228614,1265312,1057
,3DBall_ppo_1768228917,Intel,10,16,2400000,x86,34048757760,18289930240,DDR5,1,NVIDIA GeForce RTX 4060 Laptop GPU,NVIDIA,8,,,,1861.994,108.623,NTFS,win32,FALSE,ppo,32,12000,0.0003,0.001,0.2,0.99,3,,linear,,,,5,,TRUE,128,2,simple,,,,0.99,1,,,5000000,1000,12000,,,1768228922,1768229981,1266842,1059
,3DBall_ppo_1768230284,Intel,10,16,2400000,x86,34048757760,18106298368,DDR5,1,NVIDIA GeForce RTX 4060 Laptop GPU,NVIDIA,8,,,,1861.994,108.632,NTFS,win32,FALSE,ppo,32,12000,0.0003,0.001,0.2,0.99,3,,linear,,,,5,,TRUE,128,2,simple,,,,0.99,1,,,5000000,1000,12000,,,1768230289,1768231023,1267224,734
,3DBall_ppo_1768231126,Intel,10,16,2400000,x86,34048757760,20802531328,DDR5,1,NVIDIA GeForce RTX 4060 Laptop GPU,NVIDIA,8,,,,1861.994,108.625,NTFS,win32,FALSE,ppo,16,12000,0.0003,0.001,0.2,0.99,3,,linear,,,,5,,TRUE,128,2,simple,,,,0.99,1,,,5000000,1000,12000,,,1768231131,1768231939,1267324,808
,3DBall_ppo_1768232242,Intel,10,16,2400000,x86,34048757760,20632477696,DDR5,1,NVIDIA GeForce RTX 4060 Laptop GPU,NVIDIA,8,,,,1861.994,108.619,NTFS,win32,FALSE,ppo,16,12000,0.0003,0.001,0.2,0.99,3,,linear,,,,5,,TRUE,128,2,simple,,,,0.99,1,,,5000000,1000,12000,,,1768232247,1768233584,1269078,1337
,3DBall_ppo_1768233887,Intel,10,16,2400000,x86,34048757760,22376275968,DDR5,1,NVIDIA GeForce RTX 4060 Laptop GPU,NVIDIA,8,,,,1861.994,108.578,NTFS,win32,FALSE,ppo,16,12000,0.0003,0.001,0.2,0.99,3,,linear,,,,5,,TRUE,128,2,simple,,,,0.99,1,,,5000000,1000,12000,,,1768233891,1768235405,1267105,1514
,3DBall_ppo_1768235708,Intel,10,16,2400000,x86,34048757760,22173003776,DDR5,1,NVIDIA GeForce RTX 4060 Laptop GPU,NVIDIA,8,,,,1861.994,108.574,NTFS,win32,FALSE,ppo,16,12000,0.0003,0.001,0.2,0.99,3,,linear,,,,5,,TRUE,128,2,simple,,,,0.99,1,,,5000000,1000,12000,,,1768235713,1768236819,1266341,1106
,3DBall_ppo_1768237121,Intel,10,16,2400000,x86,34048757760,22205853696,DDR5,1,NVIDIA GeForce RTX 4060 Laptop GPU,NVIDIA,8,,,,1861.994,108.569,NTFS,win32,FALSE,ppo,16,12000,0.0003,0.001,0.2,0.99,3,,linear,,,,5,,TRUE,128,2,simple,,,,0.99,1,,,5000000,1000,12000,,,1768237126,1768237952,1272448,826
,3DBall_ppo_1768238254,Intel,10,16,2400000,x86,34048757760,22229123072,DDR5,1,NVIDIA GeForce RTX 4060 Laptop GPU,NVIDIA,8,,,,1861.994,108.569,NTFS,win32,FALSE,ppo,16,12000,0.0003,0.001,0.2,0.99,3,,linear,,,,5,,TRUE,128,2,simple,,,,0.99,1,,,5000000,1000,12000,,,1768238259,1768239082,1265383,823
,3DBall_ppo_1768239384,Intel,10,16,2400000,x86,34048757760,22104940544,DDR5,1,NVIDIA GeForce RTX 4060 Laptop GPU,NVIDIA,8,,,,1861.994,108.308,NTFS,win32,FALSE,ppo,16,12000,0.0003,0.001,0.2,0.99,3,,linear,,,,5,,TRUE,128,2,simple,,,,0.99,1,,,5000000,1000,12000,,,1768239389,1768240216,1271251,827
,3DBall_ppo_1768240518,Intel,10,16,2400000,x86,34048757760,22089748480,DDR5,1,NVIDIA GeForce RTX 4060 Laptop GPU,NVIDIA,8,,,,1861.994,108.558,NTFS,win32,FALSE,ppo,16,12000,0.0003,0.001,0.2,0.99,3,,linear,,,,5,,TRUE,128,2,simple,,,,0.99,1,,,5000000,1000,12000,,,1768240523,1768241347,1264713,824
,3DBall_ppo_1768241649,Intel,10,16,2400000,x86,34048757760,22040973312,DDR5,1,NVIDIA GeForce RTX 4060 Laptop GPU,NVIDIA,8,,,,1861.994,108.562,NTFS,win32,FALSE,ppo,16,12000,0.0003,0.001,0.2,0.99,3,,linear,,,,5,,TRUE,128,2,simple,,,,0.99,1,,,5000000,1000,12000,,,1768241654,1768242475,1268754,821
,3DBall_ppo_1768242778,Intel,10,16,2400000,x86,34048757760,21982482432,DDR5,1,NVIDIA GeForce RTX 4060 Laptop GPU,NVIDIA,8,,,,1861.994,108.559,NTFS,win32,FALSE,ppo,16,12000,0.0003,0.001,0.2,0.99,3,,linear,,,,5,,TRUE,128,2,simple,,,,0.99,1,,,5000000,1000,12000,,,1768242782,1768243602,1269122,820
,3DBall_ppo_1767874803,Apple,10,10,-1,ARM,17179869184,6722584576,LPDDR5,0,,,,,,,228.274,21.151,apfs,darwin,FALSE,ppo,64,12000,0.0003,0.001,0.2,0.99,3,,linear,,,,5,,TRUE,128,2,simple,,,,0.99,1,,,5000000,1000,12000,,,1767874805,1767875283,1266171,478
,3DBall_ppo_1767875427,Apple,10,10,-1,ARM,17179869184,7224066048,LPDDR5,0,,,,,,,228.274,21.125,apfs,darwin,FALSE,ppo,64,12000,0.0003,0.001,0.2,0.99,3,,linear,,,,5,,TRUE,128,2,simple,,,,0.99,1,,,5000000,1000,12000,,,1767875428,1767875897,1265085,469
,3DBall_ppo_1767876359,Apple,10,10,-1,ARM,17179869184,6870056960,LPDDR5,0,,,,,,,228.274,21.055,apfs,darwin,FALSE,ppo,64,12000,0.0003,0.001,0.2,0.99,3,,linear,,,,5,,TRUE,128,2,simple,,,,0.99,1,,,5000000,1000,12000,,,1767876361,1767876831,1265650,470
,3DBall_ppo_1767877626,Apple,10,10,-1,ARM,17179869184,6990954496,LPDDR5,0,,,,,,,228.274,20.915,apfs,darwin,FALSE,ppo,64,12000,0.0003,0.001,0.2,0.99,3,,linear,,,,5,,TRUE,128,2,simple,,,,0.99,1,,,5000000,1000,12000,,,1767877627,1767878097,1265405,470
,3DBall_ppo_1767879095,Apple,10,10,-1,ARM,17179869184,6833225728,LPDDR5,0,,,,,,,228.274,20.88,apfs,darwin,FALSE,ppo,64,12000,0.0003,0.001,0.2,0.99,3,,linear,,,,5,,TRUE,128,2,simple,,,,0.99,1,,,5000000,1000,12000,,,1767879096,1767879565,1265090,469
,3DBall_ppo_1767879697,Apple,10,10,-1,ARM,17179869184,6968721408,LPDDR5,0,,,,,,,228.274,20.857,apfs,darwin,FALSE,ppo,64,12000,0.0003,0.001,0.2,0.99,3,,linear,,,,5,,TRUE,128,2,simple,,,,0.99,1,,,5000000,1000,12000,,,1767879698,1767880173,1262462,475
,3DBall_ppo_1767880274,Apple,10,10,-1,ARM,17179869184,7365099520,LPDDR5,0,,,,,,,228.274,20.869,apfs,darwin,FALSE,ppo,64,12000,0.0003,0.001,0.2,0.99,3,,linear,,,,5,,TRUE,128,2,simple,,,,0.99,1,,,5000000,1000,12000,,,1767880275,1767880747,1265260,472
,3DBall_ppo_1767881048,Apple,10,10,-1,ARM,17179869184,7336919040,LPDDR5,0,,,,,,,228.274,20.887,apfs,darwin,FALSE,ppo,64,12000,0.0003,0.001,0.2,0.99,3,,linear,,,,5,,TRUE,128,2,simple,,,,0.99,1,,,5000000,1000,12000,,,1767881049,1767881524,1267061,475
,3DBall_ppo_1767881825,Apple,10,10,-1,ARM,17179869184,6675382272,LPDDR5,0,,,,,,,228.274,20.787,apfs,darwin,FALSE,ppo,64,12000,0.0003,0.001,0.2,0.99,3,,linear,,,,5,,TRUE,128,2,simple,,,,0.99,1,,,5000000,1000,12000,,,1767881827,1767882300,1267212,473
,3DBall_ppo_1767882601,Apple,10,10,-1,ARM,17179869184,6922944512,LPDDR5,0,,,,,,,228.274,20.781,apfs,darwin,FALSE,ppo,64,12000,0.0003,0.001,0.2,0.99,3,,linear,,,,5,,TRUE,128,2,simple,,,,0.99,1,,,5000000,1000,12000,,,1767882602,1767883075,1266248,473
,3DBall_ppo_1767883376,Apple,10,10,-1,ARM,17179869184,7236698112,LPDDR5,0,,,,,,,228.274,20.563,apfs,darwin,FALSE,ppo,64,12000,0.0003,0.001,0.2,0.99,3,,linear,,,,5,,TRUE,128,2,simple,,,,0.99,1,,,5000000,1000,12000,,,1767883377,1767883847,1265209,470
,3DBall_ppo_1767885542,Apple,10,10,-1,ARM,17179869184,6670548992,LPDDR5,0,,,,,,,228.274,20.618,apfs,darwin,FALSE,ppo,64,12000,0.0003,0.001,0.2,0.99,3,,linear,,,,5,,TRUE,128,2,simple,,,,0.99,1,,,5000000,1000,12000,,,1767885543,1767886015,1265603,472
,3DBall_ppo_1767886316,Apple,10,10,-1,ARM,17179869184,6704070656,LPDDR5,0,,,,,,,228.274,20.543,apfs,darwin,FALSE,ppo,64,12000,0.0003,0.001,0.2,0.99,3,,linear,,,,5,,TRUE,128,2,simple,,,,0.99,1,,,5000000,1000,12000,,,1767886318,1767886786,1266669,468
,3DBall_ppo_1767888050,Apple,10,10,-1,ARM,17179869184,6178275328,LPDDR5,0,,,,,,,228.274,20.542,apfs,darwin,FALSE,ppo,64,12000,0.0003,0.001,0.2,0.99,3,,linear,,,,5,,TRUE,128,2,simple,,,,0.99,1,,,5000000,1000,12000,,,1767888052,1767888850,1266740,798
,3DBall_ppo_1767889152,Apple,10,10,-1,ARM,17179869184,6544195584,LPDDR5,0,,,,,,,228.274,20.509,apfs,darwin,FALSE,ppo,64,12000,0.0003,0.001,0.2,0.99,3,,linear,,,,5,,TRUE,128,2,simple,,,,0.99,1,,,5000000,1000,12000,,,1767889153,1767889624,1264764,471
,3DBall_ppo_1767889925,Apple,10,10,-1,ARM,17179869184,6346735616,LPDDR5,0,,,,,,,228.274,20.434,apfs,darwin,FALSE,ppo,64,12000,0.0003,0.001,0.2,0.99,3,,linear,,,,5,,TRUE,128,2,simple,,,,0.99,1,,,5000000,1000,12000,,,1767889926,1767890391,1263103,465
,3DBall_ppo_1767891654,Apple,10,10,-1,ARM,17179869184,6712508416,LPDDR5,0,,,,,,,228.274,20.004,apfs,darwin,FALSE,ppo,64,12000,0.0003,0.001,0.2,0.99,3,,linear,,,,5,,TRUE,128,2,simple,,,,0.99,1,,,5000000,1000,12000,,,1767891655,1767892381,1263770,726
,3DBall_ppo_1767892683,Apple,10,10,-1,ARM,17179869184,6751535104,LPDDR5,0,,,,,,,228.274,19.576,apfs,darwin,FALSE,ppo,64,12000,0.0003,0.001,0.2,0.99,3,,linear,,,,5,,TRUE,128,2,simple,,,,0.99,1,,,5000000,1000,12000,,,1767892684,1767893412,1264617,728
,3DBall_ppo_1767893714,Apple,10,10,-1,ARM,17179869184,6581469184,LPDDR5,0,,,,,,,228.274,19.13,apfs,darwin,FALSE,ppo,64,12000,0.0003,0.001,0.2,0.99,3,,linear,,,,5,,TRUE,128,2,simple,,,,0.99,1,,,5000000,1000,12000,,,1767893715,1767894453,1268258,738
,3DBall_ppo_1767894755,Apple,10,10,-1,ARM,17179869184,7576207360,LPDDR5,0,,,,,,,228.274,20.259,apfs,darwin,FALSE,ppo,64,12000,0.0003,0.001,0.2,0.99,3,,linear,,,,5,,TRUE,128,2,simple,,,,0.99,1,,,5000000,1000,12000,,,1767894756,1767897479,1265365,2723
,3DBall_ppo_1767898751,Apple,10,10,-1,ARM,17179869184,6949289984,LPDDR5,0,,,,,,,228.274,20.333,apfs,darwin,FALSE,ppo,64,12000,0.0003,0.001,0.2,0.99,3,,linear,,,,5,,TRUE,128,2,simple,,,,0.99,1,,,5000000,1000,12000,,,1767898752,1767899479,1265176,727
,3DBall_ppo_1767899780,Apple,10,10,-1,ARM,17179869184,6858113024,LPDDR5,0,,,,,,,228.274,19.879,apfs,darwin,FALSE,ppo,64,12000,0.0003,0.001,0.2,0.99,3,,linear,,,,5,,TRUE,128,2,simple,,,,0.99,1,,,5000000,1000,12000,,,1767899781,1767900487,1264017,706
,3DBall_ppo_1767900788,Apple,10,10,-1,ARM,17179869184,6922633216,LPDDR5,0,,,,,,,228.274,20.53,apfs,darwin,FALSE,ppo,64,12000,0.0003,0.001,0.2,0.99,3,,linear,,,,5,,TRUE,128,2,simple,,,,0.99,1,,,5000000,1000,12000,,,1767900790,1767901496,1268671,706
,3DBall_ppo_1767901797,Apple,10,10,-1,ARM,17179869184,6882787328,LPDDR5,0,,,,,,,228.274,20.176,apfs,darwin,FALSE,ppo,64,12000,0.0003,0.001,0.2,0.99,3,,linear,,,,5,,TRUE,128,2,simple,,,,0.99,1,,,5000000,1000,12000,,,1767901798,1767902667,1265276,869
,3DBall_ppo_1767902969,Apple,10,10,-1,ARM,17179869184,6890094592,LPDDR5,0,,,,,,,228.274,19.994,apfs,darwin,FALSE,ppo,64,12000,0.0003,0.001,0.2,0.99,3,,linear,,,,5,,TRUE,128,2,simple,,,,0.99,1,,,5000000,1000,12000,,,1767902970,1767903704,1265847,734
,3DBall_ppo_1767904006,Apple,10,10,-1,ARM,17179869184,6880690176,LPDDR5,0,,,,,,,228.274,19.579,apfs,darwin,FALSE,ppo,64,12000,0.0003,0.001,0.2,0.99,3,,linear,,,,5,,TRUE,128,2,simple,,,,0.99,1,,,5000000,1000,12000,,,1767904007,1767904747,1265082,740
,3DBall_ppo_1767905049,Apple,10,10,-1,ARM,17179869184,7452573696,LPDDR5,0,,,,,,,228.274,20.478,apfs,darwin,FALSE,ppo,64,12000,0.0003,0.001,0.2,0.99,3,,linear,,,,5,,TRUE,128,2,simple,,,,0.99,1,,,5000000,1000,12000,,,1767905050,1767905780,1265334,730
,3DBall_ppo_1767906081,Apple,10,10,-1,ARM,17179869184,7283179520,LPDDR5,0,,,,,,,228.274,20.029,apfs,darwin,FALSE,ppo,64,12000,0.0003,0.001,0.2,0.99,3,,linear,,,,5,,TRUE,128,2,simple,,,,0.99,1,,,5000000,1000,12000,,,1767906082,1767906766,1267534,684
,3DBall_ppo_1767907067,Apple,10,10,-1,ARM,17179869184,6899892224,LPDDR5,0,,,,,,,228.274,19.793,apfs,darwin,FALSE,ppo,64,12000,0.0003,0.001,0.2,0.99,3,,linear,,,,5,,TRUE,128,2,simple,,,,0.99,1,,,5000000,1000,12000,,,1767907068,1767907799,1270895,731
,3DBall_ppo_1767908101,Apple,10,10,-1,ARM,17179869184,6941245440,LPDDR5,0,,,,,,,228.274,20.405,apfs,darwin,FALSE,ppo,64,12000,0.0003,0.001,0.2,0.99,3,,linear,,,,5,,TRUE,128,2,simple,,,,0.99,1,,,5000000,1000,12000,,,1767908102,1767908834,1262202,732
,3DBall_ppo_1767909135,Apple,10,10,-1,ARM,17179869184,6896287744,LPDDR5,0,,,,,,,228.274,19.96,apfs,darwin,FALSE,ppo,64,12000,0.0003,0.001,0.2,0.99,3,,linear,,,,5,,TRUE,128,2,simple,,,,0.99,1,,,5000000,1000,12000,,,1767909137,1767909866,1265277,729
,3DBall_ppo_1767927215,Apple,10,10,-1,ARM,17179869184,6785253376,LPDDR5,0,,,,,,,228.274,19.706,apfs,darwin,FALSE,ppo,64,12000,0.0003,0.001,0.2,0.99,3,,linear,,,,5,,TRUE,128,2,simple,,,,0.99,1,,,5000000,1000,12000,,,1767927216,1767927685,1266320,469
,3DBall_ppo_1767934803,Apple,10,10,-1,ARM,17179869184,6977257472,LPDDR5,0,,,,,,,228.274,19.703,apfs,darwin,FALSE,ppo,64,12000,0.0003,0.001,0.2,0.99,3,,linear,,,,5,,TRUE,128,2,simple,,,,0.99,1,,,5000000,1000,12000,,,1767934804,1767944431,1262927,9627
,3DBall_ppo_1767951902,Apple,10,10,-1,ARM,17179869184,7168491520,LPDDR5,0,,,,,,,228.274,19.67,apfs,darwin,FALSE,ppo,64,12000,0.0003,0.001,0.2,0.99,3,,linear,,,,5,,TRUE,128,2,simple,,,,0.99,1,,,5000000,1000,12000,,,1767951903,1767964822,1262820,12919
,3DBall_ppo_1768181665,Apple,10,10,-1,ARM,17179869184,6379634688,LPDDR5,0,,,,,,,228.274,6.86,apfs,darwin,FALSE,ppo,32,12000,0.0003,0.001,0.2,0.99,3,,linear,,,,5,,TRUE,128,2,simple,,,,0.99,1,,,5000000,1000,12000,,,1768181667,1768182182,1264041,515
,3DBall_ppo_1768182483,Apple,10,10,-1,ARM,17179869184,6885048320,LPDDR5,0,,,,,,,228.274,6.866,apfs,darwin,FALSE,ppo,32,12000,0.0003,0.001,0.2,0.99,3,,linear,,,,5,,TRUE,128,2,simple,,,,0.99,1,,,5000000,1000,12000,,,1768182484,1768183000,1265123,516
,3DBall_ppo_1768183301,Apple,10,10,-1,ARM,17179869184,6744473600,LPDDR5,0,,,,,,,228.274,6.864,apfs,darwin,FALSE,ppo,32,12000,0.0003,0.001,0.2,0.99,3,,linear,,,,5,,TRUE,128,2,simple,,,,0.99,1,,,5000000,1000,12000,,,1768183302,1768183816,1265935,514
,3DBall_ppo_1768184117,Apple,10,10,-1,ARM,17179869184,6941032448,LPDDR5,0,,,,,,,228.274,6.861,apfs,darwin,FALSE,ppo,32,12000,0.0003,0.001,0.2,0.99,3,,linear,,,,5,,TRUE,128,2,simple,,,,0.99,1,,,5000000,1000,12000,,,1768184118,1768184637,1267196,519
,3DBall_ppo_1768184938,Apple,10,10,-1,ARM,17179869184,6953631744,LPDDR5,0,,,,,,,228.274,6.858,apfs,darwin,FALSE,ppo,32,12000,0.0003,0.001,0.2,0.99,3,,linear,,,,5,,TRUE,128,2,simple,,,,0.99,1,,,5000000,1000,12000,,,1768184939,1768185453,1266879,514
,3DBall_ppo_1768185754,Apple,10,10,-1,ARM,17179869184,6977765376,LPDDR5,0,,,,,,,228.274,6.868,apfs,darwin,FALSE,ppo,32,12000,0.0003,0.001,0.2,0.99,3,,linear,,,,5,,TRUE,128,2,simple,,,,0.99,1,,,5000000,1000,12000,,,1768185755,1768186270,1266614,515
,3DBall_ppo_1768186572,Apple,10,10,-1,ARM,17179869184,6979551232,LPDDR5,0,,,,,,,228.274,6.863,apfs,darwin,FALSE,ppo,32,12000,0.0003,0.001,0.2,0.99,3,,linear,,,,5,,TRUE,128,2,simple,,,,0.99,1,,,5000000,1000,12000,,,1768186573,1768187087,1268998,514
,3DBall_ppo_1768187388,Apple,10,10,-1,ARM,17179869184,6946652160,LPDDR5,0,,,,,,,228.274,6.855,apfs,darwin,FALSE,ppo,32,12000,0.0003,0.001,0.2,0.99,3,,linear,,,,5,,TRUE,128,2,simple,,,,0.99,1,,,5000000,1000,12000,,,1768187389,1768187905,1266853,516
,3DBall_ppo_1768188206,Apple,10,10,-1,ARM,17179869184,7058194432,LPDDR5,0,,,,,,,228.274,6.852,apfs,darwin,FALSE,ppo,32,12000,0.0003,0.001,0.2,0.99,3,,linear,,,,5,,TRUE,128,2,simple,,,,0.99,1,,,5000000,1000,12000,,,1768188207,1768188723,1263788,516
,3DBall_ppo_1768189024,Apple,10,10,-1,ARM,17179869184,6997524480,LPDDR5,0,,,,,,,228.274,6.842,apfs,darwin,FALSE,ppo,32,12000,0.0003,0.001,0.2,0.99,3,,linear,,,,5,,TRUE,128,2,simple,,,,0.99,1,,,5000000,1000,12000,,,1768189025,1768189542,1267647,517
,3DBall_ppo_1768189844,Apple,10,10,-1,ARM,17179869184,6995247104,LPDDR5,0,,,,,,,228.274,6.832,apfs,darwin,FALSE,ppo,32,12000,0.0003,0.001,0.2,0.99,3,,linear,,,,5,,TRUE,128,2,simple,,,,0.99,1,,,5000000,1000,12000,,,1768189845,1768190356,1267047,511
,3DBall_ppo_1768190657,Apple,10,10,-1,ARM,17179869184,7012696064,LPDDR5,0,,,,,,,228.274,6.837,apfs,darwin,FALSE,ppo,32,12000,0.0003,0.001,0.2,0.99,3,,linear,,,,5,,TRUE,128,2,simple,,,,0.99,1,,,5000000,1000,12000,,,1768190658,1768191169,1265696,511
,3DBall_ppo_1768191470,Apple,10,10,-1,ARM,17179869184,7035928576,LPDDR5,0,,,,,,,228.274,6.838,apfs,darwin,FALSE,ppo,32,12000,0.0003,0.001,0.2,0.99,3,,linear,,,,5,,TRUE,128,2,simple,,,,0.99,1,,,5000000,1000,12000,,,1768191471,1768191981,1267694,510
,3DBall_ppo_1768192282,Apple,10,10,-1,ARM,17179869184,6989086720,LPDDR5,0,,,,,,,228.274,6.828,apfs,darwin,FALSE,ppo,32,12000,0.0003,0.001,0.2,0.99,3,,linear,,,,5,,TRUE,128,2,simple,,,,0.99,1,,,5000000,1000,12000,,,1768192283,1768192796,1264577,513
,3DBall_ppo_1768193097,Apple,10,10,-1,ARM,17179869184,7011385344,LPDDR5,0,,,,,,,228.274,6.832,apfs,darwin,FALSE,ppo,32,12000,0.0003,0.001,0.2,0.99,3,,linear,,,,5,,TRUE,128,2,simple,,,,0.99,1,,,5000000,1000,12000,,,1768193099,1768193615,1266911,516
,3DBall_ppo_1768193917,Apple,10,10,-1,ARM,17179869184,6980714496,LPDDR5,0,,,,,,,228.274,6.826,apfs,darwin,FALSE,ppo,32,12000,0.0003,0.001,0.2,0.99,3,,linear,,,,5,,TRUE,128,2,simple,,,,0.99,1,,,5000000,1000,12000,,,1768193918,1768194435,1268141,517
,3DBall_ppo_1768194736,Apple,10,10,-1,ARM,17179869184,6904152064,LPDDR5,0,,,,,,,228.274,6.815,apfs,darwin,FALSE,ppo,32,12000,0.0003,0.001,0.2,0.99,3,,linear,,,,5,,TRUE,128,2,simple,,,,0.99,1,,,5000000,1000,12000,,,1768194738,1768195253,1266187,515
,3DBall_ppo_1768195554,Apple,10,10,-1,ARM,17179869184,6944997376,LPDDR5,0,,,,,,,228.274,6.814,apfs,darwin,FALSE,ppo,32,12000,0.0003,0.001,0.2,0.99,3,,linear,,,,5,,TRUE,128,2,simple,,,,0.99,1,,,5000000,1000,12000,,,1768195555,1768196070,1263512,515
,3DBall_ppo_1768196371,Apple,10,10,-1,ARM,17179869184,6970327040,LPDDR5,0,,,,,,,228.274,6.798,apfs,darwin,FALSE,ppo,32,12000,0.0003,0.001,0.2,0.99,3,,linear,,,,5,,TRUE,128,2,simple,,,,0.99,1,,,5000000,1000,12000,,,1768196373,1768196887,1266933,514
,3DBall_ppo_1768197189,Apple,10,10,-1,ARM,17179869184,6979485696,LPDDR5,0,,,,,,,228.274,6.817,apfs,darwin,FALSE,ppo,32,12000,0.0003,0.001,0.2,0.99,3,,linear,,,,5,,TRUE,128,2,simple,,,,0.99,1,,,5000000,1000,12000,,,1768197190,1768197704,1266313,514
,3DBall_ppo_1768198005,Apple,10,10,-1,ARM,17179869184,7031635968,LPDDR5,0,,,,,,,228.274,6.808,apfs,darwin,FALSE,ppo,32,12000,0.0003,0.001,0.2,0.99,3,,linear,,,,5,,TRUE,128,2,simple,,,,0.99,1,,,5000000,1000,12000,,,1768198007,1768198522,1265130,515
,3DBall_ppo_1768198823,Apple,10,10,-1,ARM,17179869184,7016644608,LPDDR5,0,,,,,,,228.274,6.803,apfs,darwin,FALSE,ppo,32,12000,0.0003,0.001,0.2,0.99,3,,linear,,,,5,,TRUE,128,2,simple,,,,0.99,1,,,5000000,1000,12000,,,1768198825,1768199338,1265898,513
,3DBall_ppo_1768199639,Apple,10,10,-1,ARM,17179869184,6990741504,LPDDR5,0,,,,,,,228.274,6.81,apfs,darwin,FALSE,ppo,32,12000,0.0003,0.001,0.2,0.99,3,,linear,,,,5,,TRUE,128,2,simple,,,,0.99,1,,,5000000,1000,12000,,,1768199640,1768200156,1267968,516
,3DBall_ppo_1768200457,Apple,10,10,-1,ARM,17179869184,7067680768,LPDDR5,0,,,,,,,228.274,6.806,apfs,darwin,FALSE,ppo,32,12000,0.0003,0.001,0.2,0.99,3,,linear,,,,5,,TRUE,128,2,simple,,,,0.99,1,,,5000000,1000,12000,,,1768200458,1768200973,1266617,515
,3DBall_ppo_1768201274,Apple,10,10,-1,ARM,17179869184,6998671360,LPDDR5,0,,,,,,,228.274,6.794,apfs,darwin,FALSE,ppo,32,12000,0.0003,0.001,0.2,0.99,3,,linear,,,,5,,TRUE,128,2,simple,,,,0.99,1,,,5000000,1000,12000,,,1768201275,1768201789,1265975,514
,3DBall_ppo_1768202091,Apple,10,10,-1,ARM,17179869184,6997590016,LPDDR5,0,,,,,,,228.274,6.8,apfs,darwin,FALSE,ppo,32,12000,0.0003,0.001,0.2,0.99,3,,linear,,,,5,,TRUE,128,2,simple,,,,0.99,1,,,5000000,1000,12000,,,1768202092,1768202606,1263517,514
,3DBall_ppo_1768202907,Apple,10,10,-1,ARM,17179869184,7006306304,LPDDR5,0,,,,,,,228.274,6.789,apfs,darwin,FALSE,ppo,32,12000,0.0003,0.001,0.2,0.99,3,,linear,,,,5,,TRUE,128,2,simple,,,,0.99,1,,,5000000,1000,12000,,,1768202908,1768203423,1265752,515
,3DBall_ppo_1768203724,Apple,10,10,-1,ARM,17179869184,7032635392,LPDDR5,0,,,,,,,228.274,6.783,apfs,darwin,FALSE,ppo,32,12000,0.0003,0.001,0.2,0.99,3,,linear,,,,5,,TRUE,128,2,simple,,,,0.99,1,,,5000000,1000,12000,,,1768203725,1768204241,1266639,516
,3DBall_ppo_1768204543,Apple,10,10,-1,ARM,17179869184,7015251968,LPDDR5,0,,,,,,,228.274,6.782,apfs,darwin,FALSE,ppo,32,12000,0.0003,0.001,0.2,0.99,3,,linear,,,,5,,TRUE,128,2,simple,,,,0.99,1,,,5000000,1000,12000,,,1768204544,1768205059,1265931,515
,3DBall_ppo_1768205361,Apple,10,10,-1,ARM,17179869184,7032553472,LPDDR5,0,,,,,,,228.274,6.774,apfs,darwin,FALSE,ppo,32,12000,0.0003,0.001,0.2,0.99,3,,linear,,,,5,,TRUE,128,2,simple,,,,0.99,1,,,5000000,1000,12000,,,1768205362,1768205877,1266280,515
,3DBall_ppo_1768224405,Apple,10,10,-1,ARM,17179869184,6389645312,LPDDR5,0,,,,,,,228.274,6.73,apfs,darwin,FALSE,ppo,16,12000,0.0003,0.001,0.2,0.99,3,,linear,,,,5,,TRUE,128,2,simple,,,,0.99,1,,,5000000,1000,12000,,,1768224406,1768225006,1267055,600
,3DBall_ppo_1768225307,Apple,10,10,-1,ARM,17179869184,6934233088,LPDDR5,0,,,,,,,228.274,6.771,apfs,darwin,FALSE,ppo,16,12000,0.0003,0.001,0.2,0.99,3,,linear,,,,5,,TRUE,128,2,simple,,,,0.99,1,,,5000000,1000,12000,,,1768225308,1768225901,1265816,593
,3DBall_ppo_1768226202,Apple,10,10,-1,ARM,17179869184,6928531456,LPDDR5,0,,,,,,,228.274,6.767,apfs,darwin,FALSE,ppo,16,12000,0.0003,0.001,0.2,0.99,3,,linear,,,,5,,TRUE,128,2,simple,,,,0.99,1,,,5000000,1000,12000,,,1768226203,1768226802,1265030,599
,3DBall_ppo_1768227104,Apple,10,10,-1,ARM,17179869184,6887571456,LPDDR5,0,,,,,,,228.274,6.776,apfs,darwin,FALSE,ppo,16,12000,0.0003,0.001,0.2,0.99,3,,linear,,,,5,,TRUE,128,2,simple,,,,0.99,1,,,5000000,1000,12000,,,1768227105,1768227698,1267157,593
,3DBall_ppo_1768227999,Apple,10,10,-1,ARM,17179869184,6924910592,LPDDR5,0,,,,,,,228.274,6.769,apfs,darwin,FALSE,ppo,16,12000,0.0003,0.001,0.2,0.99,3,,linear,,,,5,,TRUE,128,2,simple,,,,0.99,1,,,5000000,1000,12000,,,1768228000,1768228596,1264054,596
,3DBall_ppo_1768228898,Apple,10,10,-1,ARM,17179869184,6964625408,LPDDR5,0,,,,,,,228.274,6.768,apfs,darwin,FALSE,ppo,16,12000,0.0003,0.001,0.2,0.99,3,,linear,,,,5,,TRUE,128,2,simple,,,,0.99,1,,,5000000,1000,12000,,,1768228899,1768229491,1266524,592
,3DBall_ppo_1768229792,Apple,10,10,-1,ARM,17179869184,6980222976,LPDDR5,0,,,,,,,228.274,6.758,apfs,darwin,FALSE,ppo,16,12000,0.0003,0.001,0.2,0.99,3,,linear,,,,5,,TRUE,128,2,simple,,,,0.99,1,,,5000000,1000,12000,,,1768229793,1768230392,1269622,599
,3DBall_ppo_1768230688,Apple,10,10,-1,ARM,17179869184,6518407168,LPDDR5,0,,,,,,,228.274,6.754,apfs,darwin,FALSE,ppo,2,12000,0.0003,0.001,0.2,0.99,3,,linear,,,,5,,TRUE,128,2,simple,,,,0.99,1,,,5000000,1000,12000,,,1768230690,1768232478,1265173,1788
,3DBall_ppo_1768232779,Apple,10,10,-1,ARM,17179869184,6943604736,LPDDR5,0,,,,,,,228.274,6.741,apfs,darwin,FALSE,ppo,2,12000,0.0003,0.001,0.2,0.99,3,,linear,,,,5,,TRUE,128,2,simple,,,,0.99,1,,,5000000,1000,12000,,,1768232780,1768234563,1253515,1783
,3DBall_ppo_1768234865,Apple,10,10,-1,ARM,17179869184,6897319936,LPDDR5,0,,,,,,,228.274,6.732,apfs,darwin,FALSE,ppo,2,12000,0.0003,0.001,0.2,0.99,3,,linear,,,,5,,TRUE,128,2,simple,,,,0.99,1,,,5000000,1000,12000,,,1768234866,1768236665,1265992,1799
,3DBall_ppo_1768236967,Apple,10,10,-1,ARM,17179869184,6974570496,LPDDR5,0,,,,,,,228.274,6.736,apfs,darwin,FALSE,ppo,2,12000,0.0003,0.001,0.2,0.99,3,,linear,,,,5,,TRUE,128,2,simple,,,,0.99,1,,,5000000,1000,12000,,,1768236968,1768238711,1265493,1743
,3DBall_ppo_1768239012,Apple,10,10,-1,ARM,17179869184,6946193408,LPDDR5,0,,,,,,,228.274,6.731,apfs,darwin,FALSE,ppo,2,12000,0.0003,0.001,0.2,0.99,3,,linear,,,,5,,TRUE,128,2,simple,,,,0.99,1,,,5000000,1000,12000,,,1768239013,1768240818,1269299,1805
,3DBall_ppo_1768241119,Apple,10,10,-1,ARM,17179869184,6975225856,LPDDR5,0,,,,,,,228.274,6.721,apfs,darwin,FALSE,ppo,2,12000,0.0003,0.001,0.2,0.99,3,,linear,,,,5,,TRUE,128,2,simple,,,,0.99,1,,,5000000,1000,12000,,,1768241120,1768242907,1266040,1787
,3DBall_ppo_1768243208,Apple,10,10,-1,ARM,17179869184,6926548992,LPDDR5,0,,,,,,,228.274,6.715,apfs,darwin,FALSE,ppo,2,12000,0.0003,0.001,0.2,0.99,3,,linear,,,,5,,TRUE,128,2,simple,,,,0.99,1,,,5000000,1000,12000,,,1768243209,1768245019,1266940,1810
,3DBall_ppo_1768245320,Apple,10,10,-1,ARM,17179869184,6941081600,LPDDR5,0,,,,,,,228.274,6.705,apfs,darwin,FALSE,ppo,2,12000,0.0003,0.001,0.2,0.99,3,,linear,,,,5,,TRUE,128,2,simple,,,,0.99,1,,,5000000,1000,12000,,,1768245321,1768247119,1266787,1798
,3DBall_ppo_1768247420,Apple,10,10,-1,ARM,17179869184,6997917696,LPDDR5,0,,,,,,,228.274,6.698,apfs,darwin,FALSE,ppo,2,12000,0.0003,0.001,0.2,0.99,3,,linear,,,,5,,TRUE,128,2,simple,,,,0.99,1,,,5000000,1000,12000,,,1768247421,1768249223,1268741,1802
,batch_000_95c47ed9,Apple,10,10,-1,ARM,17179869184,4117479424,LPDDR5,0,,,,,,,460.432,155.403,apfs,darwin,FALSE,ppo,128,6000,0.001,0.001,0.2,0.99,5,,linear,,,,5,,TRUE,128,2,simple,,,,0.99,1,,,5000000,1000,12000,,,1768325742,1768326253,1274340,511
,batch_001_5734c9f5,Apple,10,10,-1,ARM,17179869184,4486742016,LPDDR5,0,,,,,,,460.432,155.39,apfs,darwin,FALSE,ppo,32,12000,0.0001,0.005,0.1,0.95,5,,linear,,,,5,,TRUE,128,2,simple,,,,0.99,1,,,5000000,1000,12000,,,1768326256,1768326849,1253758,593
,batch_002_f131ae8b,Apple,10,10,-1,ARM,17179869184,4494065664,LPDDR5,0,,,,,,,460.432,155.38,apfs,darwin,FALSE,ppo,32,6000,0.0001,0.005,0.2,0.95,3,,constant,,,,5,,TRUE,128,2,simple,,,,0.99,1,,,5000000,1000,12000,,,1768326851,1768327365,1273090,514
,batch_003_f3543c1a,Apple,10,10,-1,ARM,17179869184,4605329408,LPDDR5,0,,,,,,,460.432,155.36,apfs,darwin,FALSE,ppo,128,12000,0.001,0.005,0.1,0.99,5,,constant,,,,5,,TRUE,128,2,simple,,,,0.99,1,,,5000000,1000,12000,,,1768327368,1768327868,1230026,500
,batch_004_85f4bcf6,Apple,10,10,-1,ARM,17179869184,4046225408,LPDDR5,0,,,,,,,460.432,155.355,apfs,darwin,FALSE,ppo,32,24000,0.001,0.005,0.2,0.95,3,,constant,,,,5,,TRUE,128,2,simple,,,,0.99,1,,,5000000,1000,12000,,,1768327871,1768328372,1241447,501
,batch_005_10233cd8,Apple,10,10,-1,ARM,17179869184,4711399424,LPDDR5,0,,,,,,,460.432,155.306,apfs,darwin,FALSE,ppo,32,24000,0.0003,0.005,0.2,0.95,5,,linear,,,,5,,TRUE,128,2,simple,,,,0.99,1,,,5000000,1000,12000,,,1768328374,1768328965,1256587,591
,batch_006_cc74d8ae,Apple,10,10,-1,ARM,17179869184,4519739392,LPDDR5,0,,,,,,,460.432,155.311,apfs,darwin,FALSE,ppo,32,24000,0.0003,0.001,0.1,0.99,3,,linear,,,,5,,TRUE,128,2,simple,,,,0.99,1,,,5000000,1000,12000,,,1768328968,1768329470,1238143,502
,batch_007_e4cc25d6,Apple,10,10,-1,ARM,17179869184,4527554560,LPDDR5,0,,,,,,,460.432,155.304,apfs,darwin,FALSE,ppo,32,12000,0.0003,0.001,0.2,0.99,5,,linear,,,,5,,TRUE,128,2,simple,,,,0.99,1,,,5000000,1000,12000,,,1768329473,1768330074,1267156,601
,batch_008_6adcd660,Apple,10,10,-1,ARM,17179869184,4716429312,LPDDR5,0,,,,,,,460.432,155.294,apfs,darwin,FALSE,ppo,128,12000,0.001,0.005,0.1,0.95,5,,linear,,,,5,,TRUE,128,2,simple,,,,0.99,1,,,5000000,1000,12000,,,1768330076,1768330592,1260382,516
,batch_009_a80ecb0c,Apple,10,10,-1,ARM,17179869184,4557209600,LPDDR5,0,,,,,,,460.432,155.293,apfs,darwin,FALSE,ppo,32,12000,0.0001,0.001,0.2,0.95,3,,linear,,,,5,,TRUE,128,2,simple,,,,0.99,1,,,5000000,1000,12000,,,1768330595,1768331124,1264809,529
,batch_010_e26526b4,Apple,10,10,-1,ARM,17179869184,4607475712,LPDDR5,0,,,,,,,460.432,155.264,apfs,darwin,FALSE,ppo,128,12000,0.0001,0.005,0.1,0.99,3,,linear,,,,5,,TRUE,128,2,simple,,,,0.99,1,,,5000000,1000,12000,,,1768331127,1768331599,1245894,472
,batch_011_09a0cfd7,Apple,10,10,-1,ARM,17179869184,4292558848,LPDDR5,0,,,,,,,460.432,155.324,apfs,darwin,FALSE,ppo,128,12000,0.001,0.005,0.1,0.99,5,,linear,,,,5,,TRUE,128,2,simple,,,,0.99,1,,,5000000,1000,12000,,,1768331602,1768332130,1257103,528
,batch_012_ff1527c8,Apple,10,10,-1,ARM,17179869184,4454760448,LPDDR5,0,,,,,,,460.432,155.252,apfs,darwin,FALSE,ppo,64,24000,0.001,0.001,0.2,0.99,5,,linear,,,,5,,TRUE,128,2,simple,,,,0.99,1,,,5000000,1000,12000,,,1768332133,1768332697,1257822,564
,batch_013_c5f912ee,Apple,10,10,-1,ARM,17179869184,4044423168,LPDDR5,0,,,,,,,460.432,155.249,apfs,darwin,FALSE,ppo,32,6000,0.001,0.005,0.2,0.95,3,,constant,,,,5,,TRUE,128,2,simple,,,,0.99,1,,,5000000,1000,12000,,,1768332699,1768333252,1270616,553
,batch_014_62ffdeba,Apple,10,10,-1,ARM,17179869184,4639506432,LPDDR5,0,,,,,,,460.432,155.256,apfs,darwin,FALSE,ppo,128,6000,0.0001,0.005,0.2,0.99,3,,linear,,,,5,,TRUE,128,2,simple,,,,0.99,1,,,5000000,1000,12000,,,1768333254,1768333746,1267918,492
,batch_015_34ff25c9,Apple,10,10,-1,ARM,17179869184,4297949184,LPDDR5,0,,,,,,,460.432,155.255,apfs,darwin,FALSE,ppo,64,12000,0.0003,0.005,0.1,0.95,3,,linear,,,,5,,TRUE,128,2,simple,,,,0.99,1,,,5000000,1000,12000,,,1768333749,1768334261,1260514,512
,batch_016_239df23f,Apple,10,10,-1,ARM,17179869184,4455710720,LPDDR5,0,,,,,,,460.432,155.223,apfs,darwin,FALSE,ppo,32,6000,0.0003,0.001,0.1,0.95,3,,linear,,,,5,,TRUE,128,2,simple,,,,0.99,1,,,5000000,1000,12000,,,1768334264,1768334824,1267252,560
,batch_017_b3722fc1,Apple,10,10,-1,ARM,17179869184,4257742848,LPDDR5,0,,,,,,,460.432,155.225,apfs,darwin,FALSE,ppo,32,6000,0.0001,0.005,0.2,0.99,5,,linear,,,,5,,TRUE,128,2,simple,,,,0.99,1,,,5000000,1000,12000,,,1768334826,1768335481,1272611,655
,batch_018_b766a9e5,Apple,10,10,-1,ARM,17179869184,4519657472,LPDDR5,0,,,,,,,460.432,155.162,apfs,darwin,FALSE,ppo,32,6000,0.001,0.005,0.2,0.99,5,,constant,,,,5,,TRUE,128,2,simple,,,,0.99,1,,,5000000,1000,12000,,,1768335484,1768336148,1268287,664
,batch_019_bebdeca4,Apple,10,10,-1,ARM,17179869184,4259676160,LPDDR5,0,,,,,,,460.432,155.16,apfs,darwin,FALSE,ppo,32,24000,0.0001,0.005,0.2,0.99,5,,constant,,,,5,,TRUE,128,2,simple,,,,0.99,1,,,5000000,1000,12000,,,1768336151,1768336788,1254717,637
,batch_020_7b35bbcf,Apple,10,10,-1,ARM,17179869184,4590272512,LPDDR5,0,,,,,,,460.432,155.15,apfs,darwin,FALSE,ppo,32,24000,0.0003,0.001,0.2,0.99,5,,linear,,,,5,,TRUE,128,2,simple,,,,0.99,1,,,5000000,1000,12000,,,1768336791,1768337408,1254038,617
,batch_021_63cbb0e4,Apple,10,10,-1,ARM,17179869184,3990339584,LPDDR5,0,,,,,,,460.432,155.164,apfs,darwin,FALSE,ppo,64,24000,0.0003,0.001,0.1,0.99,3,,constant,,,,5,,TRUE,128,2,simple,,,,0.99,1,,,5000000,1000,12000,,,1768337411,1768337891,1235827,480
,batch_022_b4d66d2b,Apple,10,10,-1,ARM,17179869184,4131504128,LPDDR5,0,,,,,,,460.432,155.16,apfs,darwin,FALSE,ppo,128,6000,0.0003,0.001,0.2,0.95,3,,linear,,,,5,,TRUE,128,2,simple,,,,0.99,1,,,5000000,1000,12000,,,1768337894,1768338366,1273803,472
,batch_023_bd94589b,Apple,10,10,-1,ARM,17179869184,4158357504,LPDDR5,0,,,,,,,460.432,155.148,apfs,darwin,FALSE,ppo,32,6000,0.0001,0.005,0.2,0.95,5,,constant,,,,5,,TRUE,128,2,simple,,,,0.99,1,,,5000000,1000,12000,,,1768338369,1768338982,1272058,613
,batch_024_fb8924d0,Apple,10,10,-1,ARM,17179869184,4005265408,LPDDR5,0,,,,,,,460.432,155.139,apfs,darwin,FALSE,ppo,64,24000,0.001,0.005,0.2,0.99,5,,linear,,,,5,,TRUE,128,2,simple,,,,0.99,1,,,5000000,1000,12000,,,1768338985,1768339526,1255528,541
,batch_025_3a5c8daf,Apple,10,10,-1,ARM,17179869184,4151246848,LPDDR5,0,,,,,,,460.432,155.14,apfs,darwin,FALSE,ppo,32,24000,0.0001,0.001,0.2,0.95,5,,constant,,,,5,,TRUE,128,2,simple,,,,0.99,1,,,5000000,1000,12000,,,1768339529,1768340128,1252028,599
,batch_026_e9afd3b5,Apple,10,10,-1,ARM,17179869184,4215996416,LPDDR5,0,,,,,,,460.432,155.13,apfs,darwin,FALSE,ppo,128,12000,0.0003,0.005,0.2,0.99,3,,constant,,,,5,,TRUE,128,2,simple,,,,0.99,1,,,5000000,1000,12000,,,1768340130,1768340593,1266257,463
,batch_027_f6d0951f,Apple,10,10,-1,ARM,17179869184,4628217856,LPDDR5,0,,,,,,,460.432,155.14,apfs,darwin,FALSE,ppo,128,6000,0.001,0.005,0.2,0.95,3,,constant,,,,5,,TRUE,128,2,simple,,,,0.99,1,,,5000000,1000,12000,,,1768340596,1768341067,1273266,471
,batch_028_a6c31b9c,Apple,10,10,-1,ARM,17179869184,3982589952,LPDDR5,0,,,,,,,460.432,155.137,apfs,darwin,FALSE,ppo,128,12000,0.0003,0.001,0.2,0.99,5,,linear,,,,5,,TRUE,128,2,simple,,,,0.99,1,,,5000000,1000,12000,,,1768341069,1768341578,1265162,509
,batch_029_52bdc714,Apple,10,10,-1,ARM,17179869184,4205723648,LPDDR5,0,,,,,,,460.432,155.066,apfs,darwin,FALSE,ppo,64,12000,0.0003,0.001,0.2,0.99,3,,constant,,,,5,,TRUE,128,2,simple,,,,0.99,1,,,5000000,1000,12000,,,1768341581,1768342058,1266703,477
,batch_030_e015dcab,Apple,10,10,-1,ARM,17179869184,4259446784,LPDDR5,0,,,,,,,460.432,155.041,apfs,darwin,FALSE,ppo,32,24000,0.0003,0.001,0.1,0.95,3,,constant,,,,5,,TRUE,128,2,simple,,,,0.99,1,,,5000000,1000,12000,,,1768342061,1768342557,1232211,496
,batch_031_d78361f9,Apple,10,10,-1,ARM,17179869184,4240736256,LPDDR5,0,,,,,,,460.432,155.026,apfs,darwin,FALSE,ppo,64,12000,0.001,0.001,0.2,0.95,5,,constant,,,,5,,TRUE,128,2,simple,,,,0.99,1,,,5000000,1000,12000,,,1768342560,1768343099,1252656,539
,batch_032_64f2ca04,Apple,10,10,-1,ARM,17179869184,4461297664,LPDDR5,0,,,,,,,460.432,155.019,apfs,darwin,FALSE,ppo,128,6000,0.0001,0.005,0.2,0.95,5,,constant,,,,5,,TRUE,128,2,simple,,,,0.99,1,,,5000000,1000,12000,,,1768343102,1768343608,1275780,506
,batch_033_e02ba9a7,Apple,10,10,-1,ARM,17179869184,4079386624,LPDDR5,0,,,,,,,460.432,155.029,apfs,darwin,FALSE,ppo,32,24000,0.001,0.005,0.2,0.99,3,,linear,,,,5,,TRUE,128,2,simple,,,,0.99,1,,,5000000,1000,12000,,,1768343611,1768344117,1256594,506
,batch_034_a6195fb2,Apple,10,10,-1,ARM,17179869184,4186374144,LPDDR5,0,,,,,,,460.432,154.989,apfs,darwin,FALSE,ppo,128,24000,0.0003,0.005,0.2,0.99,3,,linear,,,,5,,TRUE,128,2,simple,,,,0.99,1,,,5000000,1000,12000,,,1768344119,1768344570,1249533,451
,batch_035_b3b858ab,Apple,10,10,-1,ARM,17179869184,4238508032,LPDDR5,0,,,,,,,460.432,154.968,apfs,darwin,FALSE,ppo,32,6000,0.0001,0.001,0.1,0.99,5,,linear,,,,5,,TRUE,128,2,simple,,,,0.99,1,,,5000000,1000,12000,,,1768344573,1768345183,1266327,610
,batch_036_fb120bc0,Apple,10,10,-1,ARM,17179869184,4511432704,LPDDR5,0,,,,,,,460.432,154.961,apfs,darwin,FALSE,ppo,128,24000,0.0001,0.001,0.2,0.95,3,,constant,,,,5,,TRUE,128,2,simple,,,,0.99,1,,,5000000,1000,12000,,,1768345185,1768345634,1247102,449
,batch_037_9fd92332,Apple,10,10,-1,ARM,17179869184,4353179648,LPDDR5,0,,,,,,,460.432,154.952,apfs,darwin,FALSE,ppo,128,24000,0.0003,0.005,0.2,0.95,3,,constant,,,,5,,TRUE,128,2,simple,,,,0.99,1,,,5000000,1000,12000,,,1768345637,1768346086,1250929,449
,batch_038_df40a9c9,Apple,10,10,-1,ARM,17179869184,3973070848,LPDDR5,0,,,,,,,460.432,155.005,apfs,darwin,FALSE,ppo,32,12000,0.001,0.001,0.1,0.95,5,,constant,,,,5,,TRUE,128,2,simple,,,,0.99,1,,,5000000,1000,12000,,,1768346089,1768346684,1257092,595
,batch_039_bef94203,Apple,10,10,-1,ARM,17179869184,4512366592,LPDDR5,0,,,,,,,460.432,154.936,apfs,darwin,FALSE,ppo,128,12000,0.0003,0.001,0.2,0.95,5,,linear,,,,5,,TRUE,128,2,simple,,,,0.99,1,,,5000000,1000,12000,,,1768346687,1768347186,1266059,499
,batch_040_f365adb5,Apple,10,10,-1,ARM,17179869184,4490739712,LPDDR5,0,,,,,,,460.432,154.948,apfs,darwin,FALSE,ppo,64,6000,0.0003,0.005,0.2,0.99,3,,linear,,,,5,,TRUE,128,2,simple,,,,0.99,1,,,5000000,1000,12000,,,1768347188,1768347662,1273098,474
,batch_041_e10ae5de,Apple,10,10,-1,ARM,17179869184,4249845760,LPDDR5,0,,,,,,,460.432,154.944,apfs,darwin,FALSE,ppo,32,12000,0.0003,0.005,0.2,0.99,5,,constant,,,,5,,TRUE,128,2,simple,,,,0.99,1,,,5000000,1000,12000,,,1768347665,1768348255,1268322,590
,batch_042_99399985,Apple,10,10,-1,ARM,17179869184,4559536128,LPDDR5,0,,,,,,,460.432,154.93,apfs,darwin,FALSE,ppo,32,24000,0.0001,0.005,0.2,0.99,3,,linear,,,,5,,TRUE,128,2,simple,,,,0.99,1,,,5000000,1000,12000,,,1768348257,1768348759,1246635,502
,batch_043_b5b4e573,Apple,10,10,-1,ARM,17179869184,4433739776,LPDDR5,0,,,,,,,460.432,154.92,apfs,darwin,FALSE,ppo,128,24000,0.0001,0.001,0.2,0.99,3,,constant,,,,5,,TRUE,128,2,simple,,,,0.99,1,,,5000000,1000,12000,,,1768348761,1768349208,1244249,447
,batch_044_8b6b3418,Apple,10,10,-1,ARM,17179869184,4284432384,LPDDR5,0,,,,,,,460.432,154.923,apfs,darwin,FALSE,ppo,64,6000,0.0003,0.005,0.2,0.95,3,,linear,,,,5,,TRUE,128,2,simple,,,,0.99,1,,,5000000,1000,12000,,,1768349211,1768349680,1271480,469
,batch_045_1948dfab,Apple,10,10,-1,ARM,17179869184,4154441728,LPDDR5,0,,,,,,,460.432,154.902,apfs,darwin,FALSE,ppo,32,6000,0.001,0.005,0.2,0.99,5,,linear,,,,5,,TRUE,128,2,simple,,,,0.99,1,,,5000000,1000,12000,,,1768349683,1768350279,1273600,596
,batch_046_e969375a,Apple,10,10,-1,ARM,17179869184,4453695488,LPDDR5,0,,,,,,,460.432,154.873,apfs,darwin,FALSE,ppo,64,12000,0.0001,0.001,0.1,0.99,3,,constant,,,,5,,TRUE,128,2,simple,,,,0.99,1,,,5000000,1000,12000,,,1768350282,1768350745,1252372,463
,batch_047_6ddca8fe,Apple,10,10,-1,ARM,17179869184,4568694784,LPDDR5,0,,,,,,,460.432,154.843,apfs,darwin,FALSE,ppo,32,12000,0.0001,0.001,0.1,0.95,5,,constant,,,,5,,TRUE,128,2,simple,,,,0.99,1,,,5000000,1000,12000,,,1768350748,1768351335,1256462,587
,batch_048_b24a6f54,Apple,10,10,-1,ARM,17179869184,4259463168,LPDDR5,0,,,,,,,460.432,154.854,apfs,darwin,FALSE,ppo,64,6000,0.001,0.001,0.2,0.99,5,,constant,,,,5,,TRUE,128,2,simple,,,,0.99,1,,,5000000,1000,12000,,,1768351338,1768351865,1273183,527
,batch_049_01dc0317,Apple,10,10,-1,ARM,17179869184,4348592128,LPDDR5,0,,,,,,,460.432,154.786,apfs,darwin,FALSE,ppo,64,6000,0.001,0.001,0.1,0.95,3,,linear,,,,5,,TRUE,128,2,simple,,,,0.99,1,,,5000000,1000,12000,,,1768351867,1768352332,1272178,465
,batch_050_069e288b,Apple,10,10,-1,ARM,17179869184,4347297792,LPDDR5,0,,,,,,,460.432,154.756,apfs,darwin,FALSE,ppo,128,6000,0.0003,0.001,0.2,0.95,5,,linear,,,,5,,TRUE,128,2,simple,,,,0.99,1,,,5000000,1000,12000,,,1768352335,1768352827,1275032,492
,batch_051_83f6e699,Apple,10,10,-1,ARM,17179869184,3499180032,LPDDR5,0,,,,,,,460.432,154.721,apfs,darwin,FALSE,ppo,32,24000,0.001,0.001,0.2,0.99,5,,linear,,,,5,,TRUE,128,2,simple,,,,0.99,1,,,5000000,1000,12000,,,1768352829,1768353385,1198013,556
,batch_052_e2f69e06,Apple,10,10,-1,ARM,17179869184,4196368384,LPDDR5,0,,,,,,,460.432,154.712,apfs,darwin,FALSE,ppo,128,24000,0.0003,0.005,0.2,0.95,5,,linear,,,,5,,TRUE,128,2,simple,,,,0.99,1,,,5000000,1000,12000,,,1768353387,1768353875,1253989,488
,batch_053_376fc66e,Apple,10,10,-1,ARM,17179869184,4226285568,LPDDR5,0,,,,,,,460.432,154.718,apfs,darwin,FALSE,ppo,32,6000,0.0003,0.001,0.2,0.99,3,,linear,,,,5,,TRUE,128,2,simple,,,,0.99,1,,,5000000,1000,12000,,,1768353877,1768354377,1270909,500
,batch_054_f2f66117,Apple,10,10,-1,ARM,17179869184,3975479296,LPDDR5,0,,,,,,,460.432,154.73,apfs,darwin,FALSE,ppo,128,12000,0.001,0.001,0.2,0.95,5,,constant,,,,5,,TRUE,128,2,simple,,,,0.99,1,,,5000000,1000,12000,,,1768354380,1768354871,1265234,491
,batch_055_19d0e6df,Apple,10,10,-1,ARM,17179869184,4126965760,LPDDR5,0,,,,,,,460.432,154.727,apfs,darwin,FALSE,ppo,64,12000,0.001,0.005,0.1,0.99,5,,linear,,,,5,,TRUE,128,2,simple,,,,0.99,1,,,5000000,1000,12000,,,1768354874,1768355397,1258343,523
,batch_056_c522797d,Apple,10,10,-1,ARM,17179869184,4424974336,LPDDR5,0,,,,,,,460.432,154.714,apfs,darwin,FALSE,ppo,64,24000,0.001,0.001,0.1,0.99,3,,constant,,,,5,,TRUE,128,2,simple,,,,0.99,1,,,5000000,1000,12000,,,1768355399,1768355850,1233320,451
,batch_057_9bcb7432,Apple,10,10,-1,ARM,17179869184,4295491584,LPDDR5,0,,,,,,,460.432,154.698,apfs,darwin,FALSE,ppo,32,12000,0.0001,0.005,0.2,0.99,5,,constant,,,,5,,TRUE,128,2,simple,,,,0.99,1,,,5000000,1000,12000,,,1768355853,1768356436,1267053,583
,batch_058_71095ab7,Apple,10,10,-1,ARM,17179869184,4602396672,LPDDR5,0,,,,,,,460.432,154.699,apfs,darwin,FALSE,ppo,64,12000,0.0001,0.001,0.1,0.95,5,,constant,,,,5,,TRUE,128,2,simple,,,,0.99,1,,,5000000,1000,12000,,,1768356438,1768356951,1250632,513
,batch_059_705290f1,Apple,10,10,-1,ARM,17179869184,4432625664,LPDDR5,0,,,,,,,460.432,154.774,apfs,darwin,FALSE,ppo,32,6000,0.001,0.005,0.1,0.95,3,,linear,,,,5,,TRUE,128,2,simple,,,,0.99,1,,,5000000,1000,12000,,,1768356954,1768357455,1270211,501
,batch_060_da11967a,Apple,10,10,-1,ARM,17179869184,4390862848,LPDDR5,0,,,,,,,460.432,154.682,apfs,darwin,FALSE,ppo,64,24000,0.001,0.005,0.1,0.99,3,,constant,,,,5,,TRUE,128,2,simple,,,,0.99,1,,,5000000,1000,12000,,,1768357458,1768357908,1236276,450
,batch_061_70382bb1,Apple,10,10,-1,ARM,17179869184,4298686464,LPDDR5,0,,,,,,,460.432,154.658,apfs,darwin,FALSE,ppo,64,6000,0.0001,0.001,0.2,0.99,3,,linear,,,,5,,TRUE,128,2,simple,,,,0.99,1,,,5000000,1000,12000,,,1768357911,1768358370,1271318,459
,batch_062_11d500a2,Apple,10,10,-1,ARM,17179869184,3963666432,LPDDR5,0,,,,,,,460.432,154.71,apfs,darwin,FALSE,ppo,128,24000,0.001,0.005,0.1,0.95,3,,constant,,,,5,,TRUE,128,2,simple,,,,0.99,1,,,5000000,1000,12000,,,1768358373,1768358809,1234369,436
,batch_063_c22c0bdf,Apple,10,10,-1,ARM,17179869184,4039180288,LPDDR5,0,,,,,,,460.432,154.69,apfs,darwin,FALSE,ppo,128,6000,0.001,0.001,0.1,0.95,5,,constant,,,,5,,TRUE,128,2,simple,,,,0.99,1,,,5000000,1000,12000,,,1768358811,1768359306,1267928,495
,batch_064_abcb80c3,Apple,10,10,-1,ARM,17179869184,4479926272,LPDDR5,0,,,,,,,460.432,154.653,apfs,darwin,FALSE,ppo,128,6000,0.0003,0.005,0.2,0.95,3,,constant,,,,5,,TRUE,128,2,simple,,,,0.99,1,,,5000000,1000,12000,,,1768359309,1768359750,1271107,441
,batch_065_363cd7c9,Apple,10,10,-1,ARM,17179869184,4612325376,LPDDR5,0,,,,,,,460.432,154.646,apfs,darwin,FALSE,ppo,64,6000,0.001,0.005,0.1,0.95,5,,linear,,,,5,,TRUE,128,2,simple,,,,0.99,1,,,5000000,1000,12000,,,1768359753,1768360273,1268348,520
,batch_066_e0201c0a,Apple,10,10,-1,ARM,17179869184,4158177280,LPDDR5,0,,,,,,,460.432,154.641,apfs,darwin,FALSE,ppo,128,6000,0.0001,0.001,0.2,0.99,5,,constant,,,,5,,TRUE,128,2,simple,,,,0.99,1,,,5000000,1000,12000,,,1768360276,1768360772,1270833,496
,batch_067_d24acf11,Apple,10,10,-1,ARM,17179869184,4317429760,LPDDR5,0,,,,,,,460.432,154.641,apfs,darwin,FALSE,ppo,32,24000,0.0001,0.001,0.1,0.99,3,,linear,,,,5,,TRUE,128,2,simple,,,,0.99,1,,,5000000,1000,12000,,,1768360774,1768361260,1232148,486
,batch_068_e97da734,Apple,10,10,-1,ARM,17179869184,4478205952,LPDDR5,0,,,,,,,460.432,154.667,apfs,darwin,FALSE,ppo,128,12000,0.0003,0.005,0.1,0.95,3,,constant,,,,5,,TRUE,128,2,simple,,,,0.99,1,,,5000000,1000,12000,,,1768361263,1768361699,1254693,436
,batch_069_e0aa0e5d,Apple,10,10,-1,ARM,17179869184,4424908800,LPDDR5,0,,,,,,,460.432,154.634,apfs,darwin,FALSE,ppo,32,6000,0.001,0.001,0.1,0.99,5,,constant,,,,5,,TRUE,128,2,simple,,,,0.99,1,,,5000000,1000,12000,,,1768361702,1768362288,1263231,586
,batch_070_f4bcf523,Apple,10,10,-1,ARM,17179869184,4355063808,LPDDR5,0,,,,,,,460.432,154.621,apfs,darwin,FALSE,ppo,32,6000,0.0003,0.001,0.2,0.99,5,,linear,,,,5,,TRUE,128,2,simple,,,,0.99,1,,,5000000,1000,12000,,,1768362291,1768362888,1274569,597
,batch_071_2e995f5a,Apple,10,10,-1,ARM,17179869184,4013506560,LPDDR5,0,,,,,,,460.432,154.649,apfs,darwin,FALSE,ppo,128,12000,0.0001,0.001,0.1,0.99,3,,constant,,,,5,,TRUE,128,2,simple,,,,0.99,1,,,5000000,1000,12000,,,1768362891,1768363324,1250462,433
,batch_072_5f058bb1,Apple,10,10,-1,ARM,17179869184,4347330560,LPDDR5,0,,,,,,,460.432,154.623,apfs,darwin,FALSE,ppo,32,24000,0.0003,0.001,0.2,0.95,3,,constant,,,,5,,TRUE,128,2,simple,,,,0.99,1,,,5000000,1000,12000,,,1768363327,1768363819,1254965,492
,batch_073_6dc5926d,Apple,10,10,-1,ARM,17179869184,4337827840,LPDDR5,0,,,,,,,460.432,154.609,apfs,darwin,FALSE,ppo,128,24000,0.0001,0.005,0.1,0.99,5,,constant,,,,5,,TRUE,128,2,simple,,,,0.99,1,,,5000000,1000,12000,,,1768363821,1768364299,1230523,478
,batch_074_e4933673,Apple,10,10,-1,ARM,17179869184,4230414336,LPDDR5,0,,,,,,,460.432,154.581,apfs,darwin,FALSE,ppo,64,6000,0.0001,0.001,0.2,0.95,3,,linear,,,,5,,TRUE,128,2,simple,,,,0.99,1,,,5000000,1000,12000,,,1768364302,1768364763,1267965,461
